0 verbose cli /Users/timothycheng/.nvm/versions/node/v20.19.0/bin/node /Users/timothycheng/.nvm/versions/node/v20.19.0/bin/npm
1 info using npm@11.7.0
2 info using node@v20.19.0
3 silly config load:file:/Users/timothycheng/.nvm/versions/node/v20.19.0/lib/node_modules/npm/npmrc
4 silly config load:file:/Users/timothycheng/fd-staging/.npmrc
5 silly config load:file:/Users/timothycheng/.npmrc
6 silly config load:file:/Users/timothycheng/.nvm/versions/node/v20.19.0/etc/npmrc
7 verbose title npm install eslint-config-next@14.1.0
8 verbose argv "install" "--save-dev" "eslint-config-next@14.1.0" "--cache" "/Users/timothycheng/fd-staging/.npm-cache"
9 verbose logfile logs-max:10 dir:/Users/timothycheng/fd-staging/.npm-cache/_logs/2025-12-17T02_26_25_325Z-
10 verbose logfile /Users/timothycheng/fd-staging/.npm-cache/_logs/2025-12-17T02_26_25_325Z-debug-0.log
11 silly logfile done cleaning log files
12 silly packumentCache heap:2197815296 maxSize:549453824 maxEntrySize:274726912
13 silly idealTree buildDeps
14 silly fetch manifest eslint-config-next@14.1.0
15 silly packumentCache full:https://registry.npmjs.org/eslint-config-next cache-miss
16 http cache https://registry.npmjs.org/eslint-config-next 88ms (cache hit)
17 silly packumentCache full:https://registry.npmjs.org/eslint-config-next set size:6004874 disposed:false
18 silly fetch manifest eslint@^8.57.0
19 silly packumentCache full:https://registry.npmjs.org/eslint cache-miss
20 http cache https://registry.npmjs.org/eslint 25ms (cache hit)
21 silly packumentCache full:https://registry.npmjs.org/eslint set size:1900943 disposed:false
22 silly fetch manifest typescript@>=3.3.1
23 silly packumentCache full:https://registry.npmjs.org/typescript cache-miss
24 http fetch GET 200 https://registry.npmjs.org/typescript 533ms (cache miss)
25 silly packumentCache full:https://registry.npmjs.org/typescript set size:undefined disposed:false
26 silly placeDep ROOT eslint-config-next@14.1.0 OK for: fd-staging-elite@1.0.0 want: 14.1.0
27 silly fetch manifest eslint-plugin-react@^7.33.2
28 silly packumentCache full:https://registry.npmjs.org/eslint-plugin-react cache-miss
29 silly fetch manifest eslint-plugin-import@^2.28.1
30 silly packumentCache full:https://registry.npmjs.org/eslint-plugin-import cache-miss
31 silly fetch manifest eslint-plugin-jsx-a11y@^6.7.1
32 silly packumentCache full:https://registry.npmjs.org/eslint-plugin-jsx-a11y cache-miss
33 http fetch GET 200 https://registry.npmjs.org/eslint-plugin-react 82ms (cache miss)
34 silly packumentCache full:https://registry.npmjs.org/eslint-plugin-react set size:undefined disposed:false
35 silly fetch manifest @rushstack/eslint-patch@^1.3.3
36 silly packumentCache full:https://registry.npmjs.org/@rushstack%2feslint-patch cache-miss
37 http fetch GET 200 https://registry.npmjs.org/eslint-plugin-jsx-a11y 142ms (cache miss)
38 silly packumentCache full:https://registry.npmjs.org/eslint-plugin-jsx-a11y set size:undefined disposed:false
39 silly fetch manifest @next/eslint-plugin-next@14.1.0
40 silly packumentCache full:https://registry.npmjs.org/@next%2feslint-plugin-next cache-miss
41 http fetch GET 200 https://registry.npmjs.org/eslint-plugin-import 154ms (cache miss)
42 silly packumentCache full:https://registry.npmjs.org/eslint-plugin-import set size:undefined disposed:false
43 silly fetch manifest @typescript-eslint/parser@^5.4.2 || ^6.0.0
44 silly packumentCache full:https://registry.npmjs.org/@typescript-eslint%2fparser cache-miss
45 http fetch GET 200 https://registry.npmjs.org/@rushstack%2feslint-patch 76ms (cache miss)
46 silly packumentCache full:https://registry.npmjs.org/@rushstack%2feslint-patch set size:undefined disposed:false
47 silly fetch manifest eslint-plugin-react-hooks@^4.5.0 || 5.0.0-canary-7118f5dd7-20230705
48 silly packumentCache full:https://registry.npmjs.org/eslint-plugin-react-hooks cache-miss
49 http fetch GET 200 https://registry.npmjs.org/eslint-plugin-react-hooks 367ms (cache miss)
50 silly packumentCache full:https://registry.npmjs.org/eslint-plugin-react-hooks set size:undefined disposed:false
51 silly fetch manifest eslint-import-resolver-node@^0.3.6
52 silly packumentCache full:https://registry.npmjs.org/eslint-import-resolver-node cache-miss
53 http fetch GET 200 https://registry.npmjs.org/@next%2feslint-plugin-next 522ms (cache miss)
54 silly packumentCache full:https://registry.npmjs.org/@next%2feslint-plugin-next set size:undefined disposed:false
55 silly fetch manifest eslint-import-resolver-typescript@^3.5.2
56 silly packumentCache full:https://registry.npmjs.org/eslint-import-resolver-typescript cache-miss
57 http fetch GET 200 https://registry.npmjs.org/eslint-import-resolver-node 114ms (cache miss)
58 silly packumentCache full:https://registry.npmjs.org/eslint-import-resolver-node set size:undefined disposed:false
59 http fetch GET 200 https://registry.npmjs.org/eslint-import-resolver-typescript 75ms (cache miss)
60 silly packumentCache full:https://registry.npmjs.org/eslint-import-resolver-typescript set size:undefined disposed:false
61 http fetch GET 200 https://registry.npmjs.org/@typescript-eslint%2fparser 749ms (cache miss)
62 silly packumentCache full:https://registry.npmjs.org/@typescript-eslint%2fparser set size:undefined disposed:false
63 silly fetch manifest eslint@^7.23.0 || ^8.0.0
64 silly packumentCache full:https://registry.npmjs.org/eslint cache-miss
65 http cache https://registry.npmjs.org/eslint 14ms (cache hit)
66 silly packumentCache full:https://registry.npmjs.org/eslint set size:1900943 disposed:false
67 silly fetch manifest eslint-plugin-import-x@*
68 silly packumentCache full:https://registry.npmjs.org/eslint-plugin-import-x cache-miss
69 http fetch GET 200 https://registry.npmjs.org/eslint-plugin-import-x 112ms (cache miss)
70 silly packumentCache full:https://registry.npmjs.org/eslint-plugin-import-x set size:undefined disposed:false
71 silly fetch manifest @typescript-eslint/utils@^8.0.0
72 silly packumentCache full:https://registry.npmjs.org/@typescript-eslint%2futils cache-miss
73 http fetch GET 200 https://registry.npmjs.org/@typescript-eslint%2futils 241ms (cache miss)
74 silly packumentCache full:https://registry.npmjs.org/@typescript-eslint%2futils set size:undefined disposed:false
75 silly placeDep ROOT @next/eslint-plugin-next@14.1.0 OK for: eslint-config-next@14.1.0 want: 14.1.0
76 silly placeDep ROOT @rushstack/eslint-patch@1.15.0 OK for: eslint-config-next@14.1.0 want: ^1.3.3
77 silly placeDep ROOT @typescript-eslint/parser@6.21.0 OK for: eslint-config-next@14.1.0 want: ^5.4.2 || ^6.0.0
78 silly placeDep ROOT eslint-import-resolver-node@0.3.9 OK for: eslint-config-next@14.1.0 want: ^0.3.6
79 silly placeDep ROOT eslint-import-resolver-typescript@3.10.1 OK for: eslint-config-next@14.1.0 want: ^3.5.2
80 silly placeDep ROOT eslint-plugin-import@2.32.0 OK for: eslint-config-next@14.1.0 want: ^2.28.1
81 silly placeDep ROOT eslint-plugin-jsx-a11y@6.10.2 OK for: eslint-config-next@14.1.0 want: ^6.7.1
82 silly placeDep ROOT eslint-plugin-react@7.37.5 OK for: eslint-config-next@14.1.0 want: ^7.33.2
83 silly placeDep ROOT eslint-plugin-react-hooks@5.0.0-canary-7118f5dd7-20230705 OK for: eslint-config-next@14.1.0 want: ^4.5.0 || 5.0.0-canary-7118f5dd7-20230705
84 silly fetch manifest glob@10.3.10
85 silly packumentCache full:https://registry.npmjs.org/glob cache-miss
86 silly fetch manifest @typescript-eslint/types@6.21.0
87 silly packumentCache full:https://registry.npmjs.org/@typescript-eslint%2ftypes cache-miss
88 silly fetch manifest @typescript-eslint/visitor-keys@6.21.0
89 silly packumentCache full:https://registry.npmjs.org/@typescript-eslint%2fvisitor-keys cache-miss
90 http cache https://registry.npmjs.org/glob 17ms (cache hit)
91 silly packumentCache full:https://registry.npmjs.org/glob set size:415427 disposed:false
92 silly fetch manifest @typescript-eslint/scope-manager@6.21.0
93 silly packumentCache full:https://registry.npmjs.org/@typescript-eslint%2fscope-manager cache-miss
94 http fetch GET 200 https://registry.npmjs.org/@typescript-eslint%2fvisitor-keys 580ms (cache miss)
95 silly packumentCache full:https://registry.npmjs.org/@typescript-eslint%2fvisitor-keys set size:undefined disposed:false
96 silly fetch manifest @typescript-eslint/typescript-estree@6.21.0
97 silly packumentCache full:https://registry.npmjs.org/@typescript-eslint%2ftypescript-estree cache-miss
98 http fetch GET 200 https://registry.npmjs.org/@typescript-eslint%2ftypes 790ms (cache miss)
99 silly packumentCache full:https://registry.npmjs.org/@typescript-eslint%2ftypes set size:undefined disposed:false
100 silly fetch manifest debug@^3.2.7
101 silly packumentCache full:https://registry.npmjs.org/debug cache-miss
102 http cache https://registry.npmjs.org/debug 63ms (cache hit)
103 silly packumentCache full:https://registry.npmjs.org/debug set size:195840 disposed:false
104 silly fetch manifest stable-hash@^0.0.5
105 silly packumentCache full:https://registry.npmjs.org/stable-hash cache-miss
106 http fetch GET 200 https://registry.npmjs.org/@typescript-eslint%2fscope-manager 1183ms (cache miss)
107 silly packumentCache full:https://registry.npmjs.org/@typescript-eslint%2fscope-manager set size:undefined disposed:false
108 silly fetch manifest get-tsconfig@^4.10.0
109 silly packumentCache full:https://registry.npmjs.org/get-tsconfig cache-miss
110 http fetch GET 200 https://registry.npmjs.org/stable-hash 221ms (cache miss)
111 silly packumentCache full:https://registry.npmjs.org/stable-hash set size:undefined disposed:false
112 silly fetch manifest is-bun-module@^2.0.0
113 silly packumentCache full:https://registry.npmjs.org/is-bun-module cache-miss
114 http fetch GET 200 https://registry.npmjs.org/is-bun-module 56ms (cache miss)
115 silly packumentCache full:https://registry.npmjs.org/is-bun-module set size:undefined disposed:false
116 silly fetch manifest unrs-resolver@^1.6.2
117 silly packumentCache full:https://registry.npmjs.org/unrs-resolver cache-miss
118 http fetch GET 200 https://registry.npmjs.org/get-tsconfig 67ms (cache miss)
119 silly packumentCache full:https://registry.npmjs.org/get-tsconfig set size:undefined disposed:false
120 silly fetch manifest @nolyfill/is-core-module@1.0.39
121 silly packumentCache full:https://registry.npmjs.org/@nolyfill%2fis-core-module cache-miss
122 http fetch GET 200 https://registry.npmjs.org/unrs-resolver 53ms (cache miss)
123 silly packumentCache full:https://registry.npmjs.org/unrs-resolver set size:undefined disposed:false
124 silly fetch manifest @rtsao/scc@^1.1.0
125 silly packumentCache full:https://registry.npmjs.org/@rtsao%2fscc cache-miss
126 http fetch GET 200 https://registry.npmjs.org/@nolyfill%2fis-core-module 111ms (cache miss)
127 silly packumentCache full:https://registry.npmjs.org/@nolyfill%2fis-core-module set size:undefined disposed:false
128 silly fetch manifest array-includes@^3.1.9
129 silly packumentCache full:https://registry.npmjs.org/array-includes cache-miss
130 http fetch GET 200 https://registry.npmjs.org/@rtsao%2fscc 85ms (cache miss)
131 silly packumentCache full:https://registry.npmjs.org/@rtsao%2fscc set size:undefined disposed:false
132 silly fetch manifest array.prototype.findlastindex@^1.2.6
133 silly packumentCache full:https://registry.npmjs.org/array.prototype.findlastindex cache-miss
134 http fetch GET 200 https://registry.npmjs.org/array-includes 89ms (cache miss)
135 silly packumentCache full:https://registry.npmjs.org/array-includes set size:undefined disposed:false
136 silly fetch manifest array.prototype.flat@^1.3.3
137 silly packumentCache full:https://registry.npmjs.org/array.prototype.flat cache-miss
138 http fetch GET 200 https://registry.npmjs.org/array.prototype.findlastindex 75ms (cache miss)
139 silly packumentCache full:https://registry.npmjs.org/array.prototype.findlastindex set size:undefined disposed:false
140 silly fetch manifest array.prototype.flatmap@^1.3.3
141 silly packumentCache full:https://registry.npmjs.org/array.prototype.flatmap cache-miss
142 http fetch GET 200 https://registry.npmjs.org/array.prototype.flat 57ms (cache miss)
143 silly packumentCache full:https://registry.npmjs.org/array.prototype.flat set size:undefined disposed:false
144 silly fetch manifest doctrine@^2.1.0
145 silly packumentCache full:https://registry.npmjs.org/doctrine cache-miss
146 http fetch GET 200 https://registry.npmjs.org/array.prototype.flatmap 60ms (cache miss)
147 silly packumentCache full:https://registry.npmjs.org/array.prototype.flatmap set size:undefined disposed:false
148 silly fetch manifest eslint-module-utils@^2.12.1
149 silly packumentCache full:https://registry.npmjs.org/eslint-module-utils cache-miss
150 http cache https://registry.npmjs.org/doctrine 12ms (cache hit)
151 silly packumentCache full:https://registry.npmjs.org/doctrine set size:64052 disposed:false
152 silly fetch manifest object.fromentries@^2.0.8
153 silly packumentCache full:https://registry.npmjs.org/object.fromentries cache-miss
154 http fetch GET 200 https://registry.npmjs.org/eslint-module-utils 51ms (cache miss)
155 silly packumentCache full:https://registry.npmjs.org/eslint-module-utils set size:undefined disposed:false
156 silly fetch manifest object.groupby@^1.0.3
157 silly packumentCache full:https://registry.npmjs.org/object.groupby cache-miss
158 http fetch GET 200 https://registry.npmjs.org/object.fromentries 62ms (cache miss)
159 silly packumentCache full:https://registry.npmjs.org/object.fromentries set size:undefined disposed:false
160 silly fetch manifest object.values@^1.2.1
161 silly packumentCache full:https://registry.npmjs.org/object.values cache-miss
162 http fetch GET 200 https://registry.npmjs.org/object.groupby 49ms (cache miss)
163 silly packumentCache full:https://registry.npmjs.org/object.groupby set size:undefined disposed:false
164 silly fetch manifest semver@^6.3.1
165 silly packumentCache full:https://registry.npmjs.org/semver cache-miss
166 http fetch GET 200 https://registry.npmjs.org/@typescript-eslint%2ftypescript-estree 1079ms (cache miss)
167 silly packumentCache full:https://registry.npmjs.org/@typescript-eslint%2ftypescript-estree set size:undefined disposed:false
168 silly fetch manifest string.prototype.trimend@^1.0.9
169 silly packumentCache full:https://registry.npmjs.org/string.prototype.trimend cache-miss
170 http fetch GET 200 https://registry.npmjs.org/object.values 252ms (cache miss)
171 silly packumentCache full:https://registry.npmjs.org/object.values set size:undefined disposed:false
172 silly fetch manifest tsconfig-paths@^3.15.0
173 silly packumentCache full:https://registry.npmjs.org/tsconfig-paths cache-miss
174 http fetch GET 200 https://registry.npmjs.org/semver 229ms (cache miss)
175 silly packumentCache full:https://registry.npmjs.org/semver set size:undefined disposed:false
176 silly fetch manifest aria-query@^5.3.2
177 silly packumentCache full:https://registry.npmjs.org/aria-query cache-miss
178 http fetch GET 200 https://registry.npmjs.org/string.prototype.trimend 59ms (cache miss)
179 silly packumentCache full:https://registry.npmjs.org/string.prototype.trimend set size:undefined disposed:false
180 silly fetch manifest array-includes@^3.1.8
181 silly packumentCache full:https://registry.npmjs.org/array-includes cache-miss
182 http cache https://registry.npmjs.org/array-includes 12ms (cache hit)
183 silly packumentCache full:https://registry.npmjs.org/array-includes set size:77143 disposed:false
184 silly fetch manifest array.prototype.flatmap@^1.3.2
185 silly packumentCache full:https://registry.npmjs.org/array.prototype.flatmap cache-miss
186 http cache https://registry.npmjs.org/array.prototype.flatmap 13ms (cache hit)
187 silly packumentCache full:https://registry.npmjs.org/array.prototype.flatmap set size:51458 disposed:false
188 silly fetch manifest ast-types-flow@^0.0.8
189 silly packumentCache full:https://registry.npmjs.org/ast-types-flow cache-miss
190 http fetch GET 200 https://registry.npmjs.org/aria-query 61ms (cache miss)
191 silly packumentCache full:https://registry.npmjs.org/aria-query set size:undefined disposed:false
192 silly fetch manifest axe-core@^4.10.0
193 silly packumentCache full:https://registry.npmjs.org/axe-core cache-miss
194 http fetch GET 200 https://registry.npmjs.org/tsconfig-paths 83ms (cache miss)
195 silly packumentCache full:https://registry.npmjs.org/tsconfig-paths set size:undefined disposed:false
196 silly fetch manifest axobject-query@^4.1.0
197 silly packumentCache full:https://registry.npmjs.org/axobject-query cache-miss
198 http fetch GET 200 https://registry.npmjs.org/ast-types-flow 57ms (cache miss)
199 silly packumentCache full:https://registry.npmjs.org/ast-types-flow set size:undefined disposed:false
200 silly fetch manifest damerau-levenshtein@^1.0.8
201 silly packumentCache full:https://registry.npmjs.org/damerau-levenshtein cache-miss
202 http fetch GET 200 https://registry.npmjs.org/axobject-query 65ms (cache miss)
203 silly packumentCache full:https://registry.npmjs.org/axobject-query set size:undefined disposed:false
204 silly fetch manifest emoji-regex@^9.2.2
205 silly packumentCache full:https://registry.npmjs.org/emoji-regex cache-miss
206 http fetch GET 200 https://registry.npmjs.org/damerau-levenshtein 58ms (cache miss)
207 silly packumentCache full:https://registry.npmjs.org/damerau-levenshtein set size:undefined disposed:false
208 silly fetch manifest jsx-ast-utils@^3.3.5
209 silly packumentCache full:https://registry.npmjs.org/jsx-ast-utils cache-miss
210 http fetch GET 200 https://registry.npmjs.org/emoji-regex 64ms (cache miss)
211 silly packumentCache full:https://registry.npmjs.org/emoji-regex set size:undefined disposed:false
212 silly fetch manifest language-tags@^1.0.9
213 silly packumentCache full:https://registry.npmjs.org/language-tags cache-miss
214 http fetch GET 200 https://registry.npmjs.org/jsx-ast-utils 62ms (cache miss)
215 silly packumentCache full:https://registry.npmjs.org/jsx-ast-utils set size:undefined disposed:false
216 silly fetch manifest safe-regex-test@^1.0.3
217 silly packumentCache full:https://registry.npmjs.org/safe-regex-test cache-miss
218 http fetch GET 200 https://registry.npmjs.org/language-tags 51ms (cache miss)
219 silly packumentCache full:https://registry.npmjs.org/language-tags set size:undefined disposed:false
220 silly fetch manifest string.prototype.includes@^2.0.1
221 silly packumentCache full:https://registry.npmjs.org/string.prototype.includes cache-miss
222 http fetch GET 200 https://registry.npmjs.org/safe-regex-test 67ms (cache miss)
223 silly packumentCache full:https://registry.npmjs.org/safe-regex-test set size:undefined disposed:false
224 silly fetch manifest array.prototype.findlast@^1.2.5
225 silly packumentCache full:https://registry.npmjs.org/array.prototype.findlast cache-miss
226 http fetch GET 200 https://registry.npmjs.org/string.prototype.includes 61ms (cache miss)
227 silly packumentCache full:https://registry.npmjs.org/string.prototype.includes set size:undefined disposed:false
228 silly fetch manifest array.prototype.tosorted@^1.1.4
229 silly packumentCache full:https://registry.npmjs.org/array.prototype.tosorted cache-miss
230 http fetch GET 200 https://registry.npmjs.org/array.prototype.findlast 81ms (cache miss)
231 silly packumentCache full:https://registry.npmjs.org/array.prototype.findlast set size:undefined disposed:false
232 silly fetch manifest es-iterator-helpers@^1.2.1
233 silly packumentCache full:https://registry.npmjs.org/es-iterator-helpers cache-miss
234 http fetch GET 200 https://registry.npmjs.org/array.prototype.tosorted 72ms (cache miss)
235 silly packumentCache full:https://registry.npmjs.org/array.prototype.tosorted set size:undefined disposed:false
236 silly fetch manifest jsx-ast-utils@^2.4.1 || ^3.0.0
237 silly packumentCache full:https://registry.npmjs.org/jsx-ast-utils cache-miss
238 http cache https://registry.npmjs.org/jsx-ast-utils 11ms (cache hit)
239 silly packumentCache full:https://registry.npmjs.org/jsx-ast-utils set size:115998 disposed:false
240 silly fetch manifest object.entries@^1.1.9
241 silly packumentCache full:https://registry.npmjs.org/object.entries cache-miss
242 http fetch GET 200 https://registry.npmjs.org/axe-core 362ms (cache miss)
243 silly packumentCache full:https://registry.npmjs.org/axe-core set size:undefined disposed:false
244 silly fetch manifest prop-types@^15.8.1
245 silly packumentCache full:https://registry.npmjs.org/prop-types cache-miss
246 http fetch GET 200 https://registry.npmjs.org/object.entries 101ms (cache miss)
247 silly packumentCache full:https://registry.npmjs.org/object.entries set size:undefined disposed:false
248 silly fetch manifest resolve@^2.0.0-next.5
249 silly packumentCache full:https://registry.npmjs.org/resolve cache-miss
250 http fetch GET 200 https://registry.npmjs.org/es-iterator-helpers 123ms (cache miss)
251 silly packumentCache full:https://registry.npmjs.org/es-iterator-helpers set size:undefined disposed:false
252 silly fetch manifest string.prototype.matchall@^4.0.12
253 silly packumentCache full:https://registry.npmjs.org/string.prototype.matchall cache-miss
254 http fetch GET 200 https://registry.npmjs.org/string.prototype.matchall 74ms (cache miss)
255 silly packumentCache full:https://registry.npmjs.org/string.prototype.matchall set size:undefined disposed:false
256 silly fetch manifest string.prototype.repeat@^1.0.0
257 silly packumentCache full:https://registry.npmjs.org/string.prototype.repeat cache-miss
258 http fetch GET 200 https://registry.npmjs.org/prop-types 114ms (cache miss)
259 silly packumentCache full:https://registry.npmjs.org/prop-types set size:undefined disposed:false
260 http fetch GET 200 https://registry.npmjs.org/resolve 104ms (cache miss)
261 silly packumentCache full:https://registry.npmjs.org/resolve set size:undefined disposed:false
262 http fetch GET 200 https://registry.npmjs.org/string.prototype.repeat 48ms (cache miss)
263 silly packumentCache full:https://registry.npmjs.org/string.prototype.repeat set size:undefined disposed:false
264 silly placeDep node_modules/@next/eslint-plugin-next glob@10.3.10 OK for: @next/eslint-plugin-next@14.1.0 want: 10.3.10
265 silly fetch manifest minipass@^5.0.0 || ^6.0.2 || ^7.0.0
266 silly packumentCache full:https://registry.npmjs.org/minipass cache-miss
267 silly fetch manifest jackspeak@^2.3.5
268 silly packumentCache full:https://registry.npmjs.org/jackspeak cache-miss
269 silly fetch manifest minimatch@^9.0.1
270 silly packumentCache full:https://registry.npmjs.org/minimatch cache-miss
271 http cache https://registry.npmjs.org/minimatch 10ms (cache hit)
272 silly packumentCache full:https://registry.npmjs.org/minimatch set size:303959 disposed:false
273 silly fetch manifest path-scurry@^1.10.1
274 silly packumentCache full:https://registry.npmjs.org/path-scurry cache-miss
275 http fetch GET 200 https://registry.npmjs.org/jackspeak 45ms (cache miss)
276 silly packumentCache full:https://registry.npmjs.org/jackspeak set size:undefined disposed:false
277 silly fetch manifest foreground-child@^3.1.0
278 silly packumentCache full:https://registry.npmjs.org/foreground-child cache-miss
279 http fetch GET 200 https://registry.npmjs.org/path-scurry 55ms (cache miss)
280 silly packumentCache full:https://registry.npmjs.org/path-scurry set size:undefined disposed:false
281 http fetch GET 200 https://registry.npmjs.org/minipass 87ms (cache miss)
282 silly packumentCache full:https://registry.npmjs.org/minipass set size:undefined disposed:false
283 http fetch GET 200 https://registry.npmjs.org/foreground-child 46ms (cache miss)
284 silly packumentCache full:https://registry.npmjs.org/foreground-child set size:undefined disposed:false
285 silly placeDep ROOT @typescript-eslint/scope-manager@6.21.0 OK for: @typescript-eslint/parser@6.21.0 want: 6.21.0
286 silly placeDep ROOT @typescript-eslint/types@6.21.0 OK for: @typescript-eslint/parser@6.21.0 want: 6.21.0
287 silly placeDep ROOT @typescript-eslint/typescript-estree@6.21.0 OK for: @typescript-eslint/parser@6.21.0 want: 6.21.0
288 silly placeDep ROOT @typescript-eslint/visitor-keys@6.21.0 OK for: @typescript-eslint/parser@6.21.0 want: 6.21.0
289 silly fetch manifest globby@^11.1.0
290 silly packumentCache full:https://registry.npmjs.org/globby cache-miss
291 silly fetch manifest semver@^7.5.4
292 silly packumentCache full:https://registry.npmjs.org/semver cache-miss
293 silly fetch manifest minimatch@9.0.3
294 silly packumentCache full:https://registry.npmjs.org/minimatch cache-hit
295 silly fetch manifest ts-api-utils@^1.0.1
296 silly packumentCache full:https://registry.npmjs.org/ts-api-utils cache-miss
297 http cache https://registry.npmjs.org/semver 12ms (cache hit)
298 silly packumentCache full:https://registry.npmjs.org/semver set size:226907 disposed:false
299 http fetch GET 200 https://registry.npmjs.org/ts-api-utils 64ms (cache miss)
300 silly packumentCache full:https://registry.npmjs.org/ts-api-utils set size:undefined disposed:false
301 http fetch GET 200 https://registry.npmjs.org/globby 79ms (cache miss)
302 silly packumentCache full:https://registry.npmjs.org/globby set size:undefined disposed:false
303 silly fetch manifest typescript@>=4.2.0
304 silly packumentCache full:https://registry.npmjs.org/typescript cache-miss
305 http cache https://registry.npmjs.org/typescript 76ms (cache hit)
306 silly packumentCache full:https://registry.npmjs.org/typescript set size:15016829 disposed:false
307 silly placeDep ROOT globby@11.1.0 OK for: @typescript-eslint/typescript-estree@6.21.0 want: ^11.1.0
308 silly placeDep node_modules/@typescript-eslint/typescript-estree minimatch@9.0.3 OK for: @typescript-eslint/typescript-estree@6.21.0 want: 9.0.3
309 silly placeDep ROOT semver@7.7.3 OK for: @typescript-eslint/typescript-estree@6.21.0 want: ^7.5.4
310 silly placeDep ROOT ts-api-utils@1.4.3 OK for: @typescript-eslint/typescript-estree@6.21.0 want: ^1.0.1
311 silly placeDep ROOT typescript@5.9.3 OK for: ts-api-utils@1.4.3 want: >=4.2.0
312 silly fetch manifest slash@^3.0.0
313 silly packumentCache full:https://registry.npmjs.org/slash cache-miss
314 silly fetch manifest dir-glob@^3.0.1
315 silly packumentCache full:https://registry.npmjs.org/dir-glob cache-miss
316 silly fetch manifest array-union@^2.1.0
317 silly packumentCache full:https://registry.npmjs.org/array-union cache-miss
318 http fetch GET 200 https://registry.npmjs.org/slash 56ms (cache miss)
319 silly packumentCache full:https://registry.npmjs.org/slash set size:undefined disposed:false
320 silly fetch manifest brace-expansion@^2.0.1
321 silly packumentCache full:https://registry.npmjs.org/brace-expansion cache-miss
322 http fetch GET 200 https://registry.npmjs.org/dir-glob 62ms (cache miss)
323 silly packumentCache full:https://registry.npmjs.org/dir-glob set size:undefined disposed:false
324 http cache https://registry.npmjs.org/brace-expansion 407ms (cache hit)
325 silly packumentCache full:https://registry.npmjs.org/brace-expansion set size:46250 disposed:false
326 http fetch GET 200 https://registry.npmjs.org/array-union 472ms (cache miss)
327 silly packumentCache full:https://registry.npmjs.org/array-union set size:undefined disposed:false
328 silly placeDep node_modules/eslint-import-resolver-node debug@3.2.7 OK for: eslint-import-resolver-node@0.3.9 want: ^3.2.7
329 silly placeDep ROOT @nolyfill/is-core-module@1.0.39 OK for: eslint-import-resolver-typescript@3.10.1 want: 1.0.39
330 silly placeDep ROOT get-tsconfig@4.13.0 OK for: eslint-import-resolver-typescript@3.10.1 want: ^4.10.0
331 silly placeDep ROOT is-bun-module@2.0.0 OK for: eslint-import-resolver-typescript@3.10.1 want: ^2.0.0
332 silly placeDep ROOT stable-hash@0.0.5 OK for: eslint-import-resolver-typescript@3.10.1 want: ^0.0.5
333 silly placeDep ROOT unrs-resolver@1.11.1 OK for: eslint-import-resolver-typescript@3.10.1 want: ^1.6.2
334 silly fetch manifest resolve-pkg-maps@^1.0.0
335 silly packumentCache full:https://registry.npmjs.org/resolve-pkg-maps cache-miss
336 silly fetch manifest napi-postinstall@^0.3.0
337 silly packumentCache full:https://registry.npmjs.org/napi-postinstall cache-miss
338 silly fetch manifest @unrs/resolver-binding-win32-x64-msvc@1.11.1
339 silly packumentCache full:https://registry.npmjs.org/@unrs%2fresolver-binding-win32-x64-msvc cache-miss
340 http fetch GET 200 https://registry.npmjs.org/resolve-pkg-maps 87ms (cache miss)
341 silly packumentCache full:https://registry.npmjs.org/resolve-pkg-maps set size:undefined disposed:false
342 silly fetch manifest @unrs/resolver-binding-win32-arm64-msvc@1.11.1
343 silly packumentCache full:https://registry.npmjs.org/@unrs%2fresolver-binding-win32-arm64-msvc cache-miss
344 http fetch GET 200 https://registry.npmjs.org/napi-postinstall 94ms (cache miss)
345 silly packumentCache full:https://registry.npmjs.org/napi-postinstall set size:undefined disposed:false
346 silly fetch manifest @unrs/resolver-binding-win32-ia32-msvc@1.11.1
347 silly packumentCache full:https://registry.npmjs.org/@unrs%2fresolver-binding-win32-ia32-msvc cache-miss
348 http fetch GET 200 https://registry.npmjs.org/@unrs%2fresolver-binding-win32-x64-msvc 105ms (cache miss)
349 silly packumentCache full:https://registry.npmjs.org/@unrs%2fresolver-binding-win32-x64-msvc set size:undefined disposed:false
350 silly fetch manifest @unrs/resolver-binding-linux-x64-gnu@1.11.1
351 silly packumentCache full:https://registry.npmjs.org/@unrs%2fresolver-binding-linux-x64-gnu cache-miss
352 http fetch GET 200 https://registry.npmjs.org/@unrs%2fresolver-binding-win32-ia32-msvc 85ms (cache miss)
353 silly packumentCache full:https://registry.npmjs.org/@unrs%2fresolver-binding-win32-ia32-msvc set size:undefined disposed:false
354 silly fetch manifest @unrs/resolver-binding-linux-x64-musl@1.11.1
355 silly packumentCache full:https://registry.npmjs.org/@unrs%2fresolver-binding-linux-x64-musl cache-miss
356 http fetch GET 200 https://registry.npmjs.org/@unrs%2fresolver-binding-linux-x64-gnu 90ms (cache miss)
357 silly packumentCache full:https://registry.npmjs.org/@unrs%2fresolver-binding-linux-x64-gnu set size:undefined disposed:false
358 silly fetch manifest @unrs/resolver-binding-freebsd-x64@1.11.1
359 silly packumentCache full:https://registry.npmjs.org/@unrs%2fresolver-binding-freebsd-x64 cache-miss
360 http fetch GET 200 https://registry.npmjs.org/@unrs%2fresolver-binding-freebsd-x64 69ms (cache miss)
361 silly packumentCache full:https://registry.npmjs.org/@unrs%2fresolver-binding-freebsd-x64 set size:undefined disposed:false
362 silly fetch manifest @unrs/resolver-binding-android-arm64@1.11.1
363 silly packumentCache full:https://registry.npmjs.org/@unrs%2fresolver-binding-android-arm64 cache-miss
364 http fetch GET 200 https://registry.npmjs.org/@unrs%2fresolver-binding-linux-x64-musl 90ms (cache miss)
365 silly packumentCache full:https://registry.npmjs.org/@unrs%2fresolver-binding-linux-x64-musl set size:undefined disposed:false
366 silly fetch manifest @unrs/resolver-binding-linux-arm64-gnu@1.11.1
367 silly packumentCache full:https://registry.npmjs.org/@unrs%2fresolver-binding-linux-arm64-gnu cache-miss
368 http fetch GET 200 https://registry.npmjs.org/@unrs%2fresolver-binding-win32-arm64-msvc 224ms (cache miss)
369 silly packumentCache full:https://registry.npmjs.org/@unrs%2fresolver-binding-win32-arm64-msvc set size:undefined disposed:false
370 silly fetch manifest @unrs/resolver-binding-linux-arm64-musl@1.11.1
371 silly packumentCache full:https://registry.npmjs.org/@unrs%2fresolver-binding-linux-arm64-musl cache-miss
372 http fetch GET 200 https://registry.npmjs.org/@unrs%2fresolver-binding-android-arm64 70ms (cache miss)
373 silly packumentCache full:https://registry.npmjs.org/@unrs%2fresolver-binding-android-arm64 set size:undefined disposed:false
374 silly fetch manifest @unrs/resolver-binding-android-arm-eabi@1.11.1
375 silly packumentCache full:https://registry.npmjs.org/@unrs%2fresolver-binding-android-arm-eabi cache-miss
376 http fetch GET 200 https://registry.npmjs.org/@unrs%2fresolver-binding-linux-arm64-gnu 63ms (cache miss)
377 silly packumentCache full:https://registry.npmjs.org/@unrs%2fresolver-binding-linux-arm64-gnu set size:undefined disposed:false
378 silly fetch manifest @unrs/resolver-binding-linux-arm-gnueabihf@1.11.1
379 silly packumentCache full:https://registry.npmjs.org/@unrs%2fresolver-binding-linux-arm-gnueabihf cache-miss
380 http fetch GET 200 https://registry.npmjs.org/@unrs%2fresolver-binding-linux-arm64-musl 64ms (cache miss)
381 silly packumentCache full:https://registry.npmjs.org/@unrs%2fresolver-binding-linux-arm64-musl set size:undefined disposed:false
382 silly fetch manifest @unrs/resolver-binding-linux-arm-musleabihf@1.11.1
383 silly packumentCache full:https://registry.npmjs.org/@unrs%2fresolver-binding-linux-arm-musleabihf cache-miss
384 http fetch GET 200 https://registry.npmjs.org/@unrs%2fresolver-binding-linux-arm-gnueabihf 60ms (cache miss)
385 silly packumentCache full:https://registry.npmjs.org/@unrs%2fresolver-binding-linux-arm-gnueabihf set size:undefined disposed:false
386 silly fetch manifest @unrs/resolver-binding-linux-ppc64-gnu@1.11.1
387 silly packumentCache full:https://registry.npmjs.org/@unrs%2fresolver-binding-linux-ppc64-gnu cache-miss
388 http fetch GET 200 https://registry.npmjs.org/@unrs%2fresolver-binding-android-arm-eabi 74ms (cache miss)
389 silly packumentCache full:https://registry.npmjs.org/@unrs%2fresolver-binding-android-arm-eabi set size:undefined disposed:false
390 silly fetch manifest @unrs/resolver-binding-linux-riscv64-gnu@1.11.1
391 silly packumentCache full:https://registry.npmjs.org/@unrs%2fresolver-binding-linux-riscv64-gnu cache-miss
392 http fetch GET 200 https://registry.npmjs.org/@unrs%2fresolver-binding-linux-arm-musleabihf 64ms (cache miss)
393 silly packumentCache full:https://registry.npmjs.org/@unrs%2fresolver-binding-linux-arm-musleabihf set size:undefined disposed:false
394 silly fetch manifest @unrs/resolver-binding-linux-riscv64-musl@1.11.1
395 silly packumentCache full:https://registry.npmjs.org/@unrs%2fresolver-binding-linux-riscv64-musl cache-miss
396 http fetch GET 200 https://registry.npmjs.org/@unrs%2fresolver-binding-linux-ppc64-gnu 67ms (cache miss)
397 silly packumentCache full:https://registry.npmjs.org/@unrs%2fresolver-binding-linux-ppc64-gnu set size:undefined disposed:false
398 silly fetch manifest @unrs/resolver-binding-linux-s390x-gnu@1.11.1
399 silly packumentCache full:https://registry.npmjs.org/@unrs%2fresolver-binding-linux-s390x-gnu cache-miss
400 http fetch GET 200 https://registry.npmjs.org/@unrs%2fresolver-binding-linux-riscv64-gnu 70ms (cache miss)
401 silly packumentCache full:https://registry.npmjs.org/@unrs%2fresolver-binding-linux-riscv64-gnu set size:undefined disposed:false
402 silly fetch manifest @unrs/resolver-binding-darwin-x64@1.11.1
403 silly packumentCache full:https://registry.npmjs.org/@unrs%2fresolver-binding-darwin-x64 cache-miss
404 http fetch GET 200 https://registry.npmjs.org/@unrs%2fresolver-binding-linux-riscv64-musl 70ms (cache miss)
405 silly packumentCache full:https://registry.npmjs.org/@unrs%2fresolver-binding-linux-riscv64-musl set size:undefined disposed:false
406 silly fetch manifest @unrs/resolver-binding-darwin-arm64@1.11.1
407 silly packumentCache full:https://registry.npmjs.org/@unrs%2fresolver-binding-darwin-arm64 cache-miss
408 http fetch GET 200 https://registry.npmjs.org/@unrs%2fresolver-binding-linux-s390x-gnu 56ms (cache miss)
409 silly packumentCache full:https://registry.npmjs.org/@unrs%2fresolver-binding-linux-s390x-gnu set size:undefined disposed:false
410 silly fetch manifest @unrs/resolver-binding-wasm32-wasi@1.11.1
411 silly packumentCache full:https://registry.npmjs.org/@unrs%2fresolver-binding-wasm32-wasi cache-miss
412 http fetch GET 200 https://registry.npmjs.org/@unrs%2fresolver-binding-darwin-x64 78ms (cache miss)
413 silly packumentCache full:https://registry.npmjs.org/@unrs%2fresolver-binding-darwin-x64 set size:undefined disposed:false
414 http fetch GET 200 https://registry.npmjs.org/@unrs%2fresolver-binding-darwin-arm64 69ms (cache miss)
415 silly packumentCache full:https://registry.npmjs.org/@unrs%2fresolver-binding-darwin-arm64 set size:undefined disposed:false
416 http fetch GET 200 https://registry.npmjs.org/@unrs%2fresolver-binding-wasm32-wasi 59ms (cache miss)
417 silly packumentCache full:https://registry.npmjs.org/@unrs%2fresolver-binding-wasm32-wasi set size:undefined disposed:false
418 silly placeDep ROOT @rtsao/scc@1.1.0 OK for: eslint-plugin-import@2.32.0 want: ^1.1.0
419 silly placeDep ROOT array-includes@3.1.9 OK for: eslint-plugin-import@2.32.0 want: ^3.1.9
420 silly placeDep ROOT array.prototype.findlastindex@1.2.6 OK for: eslint-plugin-import@2.32.0 want: ^1.2.6
421 silly placeDep ROOT array.prototype.flat@1.3.3 OK for: eslint-plugin-import@2.32.0 want: ^1.3.3
422 silly placeDep ROOT array.prototype.flatmap@1.3.3 OK for: eslint-plugin-import@2.32.0 want: ^1.3.3
423 silly placeDep node_modules/eslint-plugin-import debug@3.2.7 OK for: eslint-plugin-import@2.32.0 want: ^3.2.7
424 silly placeDep node_modules/eslint-plugin-import doctrine@2.1.0 OK for: eslint-plugin-import@2.32.0 want: ^2.1.0
425 silly placeDep ROOT eslint-module-utils@2.12.1 OK for: eslint-plugin-import@2.32.0 want: ^2.12.1
426 silly placeDep ROOT object.fromentries@2.0.8 OK for: eslint-plugin-import@2.32.0 want: ^2.0.8
427 silly placeDep ROOT object.groupby@1.0.3 OK for: eslint-plugin-import@2.32.0 want: ^1.0.3
428 silly placeDep ROOT object.values@1.2.1 OK for: eslint-plugin-import@2.32.0 want: ^1.2.1
429 silly placeDep node_modules/eslint-plugin-import semver@6.3.1 OK for: eslint-plugin-import@2.32.0 want: ^6.3.1
430 silly placeDep ROOT string.prototype.trimend@1.0.9 OK for: eslint-plugin-import@2.32.0 want: ^1.0.9
431 silly placeDep ROOT tsconfig-paths@3.15.0 OK for: eslint-plugin-import@2.32.0 want: ^3.15.0
432 silly fetch manifest call-bind@^1.0.8
433 silly packumentCache full:https://registry.npmjs.org/call-bind cache-miss
434 silly fetch manifest call-bound@^1.0.4
435 silly packumentCache full:https://registry.npmjs.org/call-bound cache-miss
436 silly fetch manifest define-properties@^1.2.1
437 silly packumentCache full:https://registry.npmjs.org/define-properties cache-miss
438 http fetch GET 200 https://registry.npmjs.org/call-bound 53ms (cache miss)
439 silly packumentCache full:https://registry.npmjs.org/call-bound set size:undefined disposed:false
440 silly fetch manifest es-abstract@^1.24.0
441 silly packumentCache full:https://registry.npmjs.org/es-abstract cache-miss
442 http fetch GET 200 https://registry.npmjs.org/call-bind 59ms (cache miss)
443 silly packumentCache full:https://registry.npmjs.org/call-bind set size:undefined disposed:false
444 silly fetch manifest es-object-atoms@^1.1.1
445 silly packumentCache full:https://registry.npmjs.org/es-object-atoms cache-miss
446 http fetch GET 200 https://registry.npmjs.org/define-properties 60ms (cache miss)
447 silly packumentCache full:https://registry.npmjs.org/define-properties set size:undefined disposed:false
448 silly fetch manifest get-intrinsic@^1.3.0
449 silly packumentCache full:https://registry.npmjs.org/get-intrinsic cache-miss
450 http fetch GET 200 https://registry.npmjs.org/es-abstract 53ms (cache miss)
451 silly packumentCache full:https://registry.npmjs.org/es-abstract set size:undefined disposed:false
452 silly fetch manifest is-string@^1.1.1
453 silly packumentCache full:https://registry.npmjs.org/is-string cache-miss
454 http fetch GET 200 https://registry.npmjs.org/get-intrinsic 68ms (cache miss)
455 silly packumentCache full:https://registry.npmjs.org/get-intrinsic set size:undefined disposed:false
456 silly fetch manifest math-intrinsics@^1.1.0
457 silly packumentCache full:https://registry.npmjs.org/math-intrinsics cache-miss
458 http fetch GET 200 https://registry.npmjs.org/es-object-atoms 81ms (cache miss)
459 silly packumentCache full:https://registry.npmjs.org/es-object-atoms set size:undefined disposed:false
460 silly fetch manifest es-abstract@^1.23.9
461 silly packumentCache full:https://registry.npmjs.org/es-abstract cache-miss
462 http cache https://registry.npmjs.org/es-abstract 5ms (cache hit)
463 silly packumentCache full:https://registry.npmjs.org/es-abstract set size:378584 disposed:false
464 silly fetch manifest es-errors@^1.3.0
465 silly packumentCache full:https://registry.npmjs.org/es-errors cache-miss
466 http fetch GET 200 https://registry.npmjs.org/is-string 54ms (cache miss)
467 silly packumentCache full:https://registry.npmjs.org/is-string set size:undefined disposed:false
468 silly fetch manifest es-shim-unscopables@^1.1.0
469 silly packumentCache full:https://registry.npmjs.org/es-shim-unscopables cache-miss
470 http fetch GET 200 https://registry.npmjs.org/math-intrinsics 52ms (cache miss)
471 silly packumentCache full:https://registry.npmjs.org/math-intrinsics set size:undefined disposed:false
472 silly fetch manifest es-abstract@^1.23.5
473 silly packumentCache full:https://registry.npmjs.org/es-abstract cache-hit
474 silly fetch manifest es-shim-unscopables@^1.0.2
475 silly packumentCache full:https://registry.npmjs.org/es-shim-unscopables cache-miss
476 http fetch GET 200 https://registry.npmjs.org/es-errors 48ms (cache miss)
477 silly packumentCache full:https://registry.npmjs.org/es-errors set size:undefined disposed:false
478 silly fetch manifest es-shim-unscopables@^1.0.2
479 silly packumentCache full:https://registry.npmjs.org/es-shim-unscopables cache-miss
480 http fetch GET 200 https://registry.npmjs.org/es-shim-unscopables 46ms (cache miss)
481 silly packumentCache full:https://registry.npmjs.org/es-shim-unscopables set size:undefined disposed:false
482 silly fetch manifest call-bind@^1.0.7
483 silly packumentCache full:https://registry.npmjs.org/call-bind cache-miss
484 http fetch GET 200 https://registry.npmjs.org/es-shim-unscopables 57ms (cache miss)
485 silly packumentCache full:https://registry.npmjs.org/es-shim-unscopables set size:undefined disposed:false
486 silly fetch manifest es-abstract@^1.23.2
487 silly packumentCache full:https://registry.npmjs.org/es-abstract cache-hit
488 silly fetch manifest es-object-atoms@^1.0.0
489 silly packumentCache full:https://registry.npmjs.org/es-object-atoms cache-miss
490 http cache https://registry.npmjs.org/call-bind 29ms (cache hit)
491 silly packumentCache full:https://registry.npmjs.org/call-bind set size:30096 disposed:false
492 silly fetch manifest call-bound@^1.0.3
493 silly packumentCache full:https://registry.npmjs.org/call-bound cache-miss
494 http fetch GET 200 https://registry.npmjs.org/es-shim-unscopables 56ms (cache miss)
495 silly packumentCache full:https://registry.npmjs.org/es-shim-unscopables set size:undefined disposed:false
496 silly fetch manifest es-object-atoms@^1.0.0
497 silly packumentCache full:https://registry.npmjs.org/es-object-atoms cache-miss
498 http cache https://registry.npmjs.org/es-object-atoms 16ms (cache hit)
499 silly packumentCache full:https://registry.npmjs.org/es-object-atoms set size:15304 disposed:false
500 silly fetch manifest call-bound@^1.0.2
501 silly packumentCache full:https://registry.npmjs.org/call-bound cache-miss
502 http cache https://registry.npmjs.org/call-bound 14ms (cache hit)
503 silly packumentCache full:https://registry.npmjs.org/call-bound set size:15317 disposed:false
504 silly fetch manifest json5@^1.0.2
505 silly packumentCache full:https://registry.npmjs.org/json5 cache-miss
506 http cache https://registry.npmjs.org/es-object-atoms 17ms (cache hit)
507 silly packumentCache full:https://registry.npmjs.org/es-object-atoms set size:15304 disposed:false
508 silly packumentCache full:https://registry.npmjs.org/es-object-atoms dispose
509 silly fetch manifest minimist@^1.2.6
510 silly packumentCache full:https://registry.npmjs.org/minimist cache-miss
511 http cache https://registry.npmjs.org/call-bound 15ms (cache hit)
512 silly packumentCache full:https://registry.npmjs.org/call-bound set size:15317 disposed:false
513 silly packumentCache full:https://registry.npmjs.org/call-bound dispose
514 silly fetch manifest strip-bom@^3.0.0
515 silly packumentCache full:https://registry.npmjs.org/strip-bom cache-miss
516 http fetch GET 200 https://registry.npmjs.org/minimist 40ms (cache miss)
517 silly packumentCache full:https://registry.npmjs.org/minimist set size:undefined disposed:false
518 silly fetch manifest @types/json5@^0.0.29
519 silly packumentCache full:https://registry.npmjs.org/@types%2fjson5 cache-miss
520 http fetch GET 200 https://registry.npmjs.org/strip-bom 48ms (cache miss)
521 silly packumentCache full:https://registry.npmjs.org/strip-bom set size:undefined disposed:false
522 http fetch GET 200 https://registry.npmjs.org/json5 81ms (cache miss)
523 silly packumentCache full:https://registry.npmjs.org/json5 set size:undefined disposed:false
524 http fetch GET 200 https://registry.npmjs.org/@types%2fjson5 54ms (cache miss)
525 silly packumentCache full:https://registry.npmjs.org/@types%2fjson5 set size:undefined disposed:false
526 silly placeDep ROOT call-bind@1.0.8 OK for: array-includes@3.1.9 want: ^1.0.8
527 silly placeDep ROOT call-bound@1.0.4 OK for: array-includes@3.1.9 want: ^1.0.4
528 silly placeDep ROOT define-properties@1.2.1 OK for: array-includes@3.1.9 want: ^1.2.1
529 silly placeDep ROOT es-abstract@1.24.1 OK for: array-includes@3.1.9 want: ^1.24.0
530 silly placeDep ROOT es-object-atoms@1.1.1 OK for: array-includes@3.1.9 want: ^1.1.1
531 silly placeDep ROOT get-intrinsic@1.3.0 OK for: array-includes@3.1.9 want: ^1.3.0
532 silly placeDep ROOT is-string@1.1.1 OK for: array-includes@3.1.9 want: ^1.1.1
533 silly placeDep ROOT math-intrinsics@1.1.0 OK for: array-includes@3.1.9 want: ^1.1.0
534 silly fetch manifest call-bind-apply-helpers@^1.0.0
535 silly packumentCache full:https://registry.npmjs.org/call-bind-apply-helpers cache-miss
536 silly fetch manifest es-define-property@^1.0.0
537 silly packumentCache full:https://registry.npmjs.org/es-define-property cache-miss
538 silly fetch manifest get-intrinsic@^1.2.4
539 silly packumentCache full:https://registry.npmjs.org/get-intrinsic cache-miss
540 http cache https://registry.npmjs.org/get-intrinsic 7ms (cache hit)
541 silly packumentCache full:https://registry.npmjs.org/get-intrinsic set size:60985 disposed:false
542 silly fetch manifest set-function-length@^1.2.2
543 silly packumentCache full:https://registry.npmjs.org/set-function-length cache-miss
544 http fetch GET 200 https://registry.npmjs.org/es-define-property 44ms (cache miss)
545 silly packumentCache full:https://registry.npmjs.org/es-define-property set size:undefined disposed:false
546 silly fetch manifest call-bind-apply-helpers@^1.0.2
547 silly packumentCache full:https://registry.npmjs.org/call-bind-apply-helpers cache-miss
548 http fetch GET 200 https://registry.npmjs.org/call-bind-apply-helpers 65ms (cache miss)
549 silly packumentCache full:https://registry.npmjs.org/call-bind-apply-helpers set size:undefined disposed:false
550 silly fetch manifest define-data-property@^1.0.1
551 silly packumentCache full:https://registry.npmjs.org/define-data-property cache-miss
552 http fetch GET 200 https://registry.npmjs.org/set-function-length 58ms (cache miss)
553 silly packumentCache full:https://registry.npmjs.org/set-function-length set size:undefined disposed:false
554 silly fetch manifest has-property-descriptors@^1.0.0
555 silly packumentCache full:https://registry.npmjs.org/has-property-descriptors cache-miss
556 http fetch GET 200 https://registry.npmjs.org/call-bind-apply-helpers 111ms (cache miss)
557 silly packumentCache full:https://registry.npmjs.org/call-bind-apply-helpers set size:undefined disposed:false
558 silly fetch manifest object-keys@^1.1.1
559 silly packumentCache full:https://registry.npmjs.org/object-keys cache-miss
560 http fetch GET 200 https://registry.npmjs.org/has-property-descriptors 89ms (cache miss)
561 silly packumentCache full:https://registry.npmjs.org/has-property-descriptors set size:undefined disposed:false
562 silly fetch manifest array-buffer-byte-length@^1.0.2
563 silly packumentCache full:https://registry.npmjs.org/array-buffer-byte-length cache-miss
564 http fetch GET 200 https://registry.npmjs.org/define-data-property 100ms (cache miss)
565 silly packumentCache full:https://registry.npmjs.org/define-data-property set size:undefined disposed:false
566 silly fetch manifest arraybuffer.prototype.slice@^1.0.4
567 silly packumentCache full:https://registry.npmjs.org/arraybuffer.prototype.slice cache-miss
568 http fetch GET 200 https://registry.npmjs.org/object-keys 59ms (cache miss)
569 silly packumentCache full:https://registry.npmjs.org/object-keys set size:undefined disposed:false
570 silly fetch manifest available-typed-arrays@^1.0.7
571 silly packumentCache full:https://registry.npmjs.org/available-typed-arrays cache-miss
572 http fetch GET 200 https://registry.npmjs.org/array-buffer-byte-length 71ms (cache miss)
573 silly packumentCache full:https://registry.npmjs.org/array-buffer-byte-length set size:undefined disposed:false
574 silly fetch manifest data-view-buffer@^1.0.2
575 silly packumentCache full:https://registry.npmjs.org/data-view-buffer cache-miss
576 http fetch GET 200 https://registry.npmjs.org/arraybuffer.prototype.slice 71ms (cache miss)
577 silly packumentCache full:https://registry.npmjs.org/arraybuffer.prototype.slice set size:undefined disposed:false
578 silly fetch manifest data-view-byte-length@^1.0.2
579 silly packumentCache full:https://registry.npmjs.org/data-view-byte-length cache-miss
580 http fetch GET 200 https://registry.npmjs.org/available-typed-arrays 49ms (cache miss)
581 silly packumentCache full:https://registry.npmjs.org/available-typed-arrays set size:undefined disposed:false
582 silly fetch manifest data-view-byte-offset@^1.0.1
583 silly packumentCache full:https://registry.npmjs.org/data-view-byte-offset cache-miss
584 http fetch GET 200 https://registry.npmjs.org/data-view-buffer 41ms (cache miss)
585 silly packumentCache full:https://registry.npmjs.org/data-view-buffer set size:undefined disposed:false
586 silly fetch manifest es-define-property@^1.0.1
587 silly packumentCache full:https://registry.npmjs.org/es-define-property cache-miss
588 http cache https://registry.npmjs.org/es-define-property 10ms (cache hit)
589 silly packumentCache full:https://registry.npmjs.org/es-define-property set size:8542 disposed:false
590 silly fetch manifest es-set-tostringtag@^2.1.0
591 silly packumentCache full:https://registry.npmjs.org/es-set-tostringtag cache-miss
592 http fetch GET 200 https://registry.npmjs.org/data-view-byte-length 53ms (cache miss)
593 silly packumentCache full:https://registry.npmjs.org/data-view-byte-length set size:undefined disposed:false
594 silly fetch manifest es-to-primitive@^1.3.0
595 silly packumentCache full:https://registry.npmjs.org/es-to-primitive cache-miss
596 http fetch GET 200 https://registry.npmjs.org/data-view-byte-offset 46ms (cache miss)
597 silly packumentCache full:https://registry.npmjs.org/data-view-byte-offset set size:undefined disposed:false
598 silly fetch manifest function.prototype.name@^1.1.8
599 silly packumentCache full:https://registry.npmjs.org/function.prototype.name cache-miss
600 http fetch GET 200 https://registry.npmjs.org/es-set-tostringtag 46ms (cache miss)
601 silly packumentCache full:https://registry.npmjs.org/es-set-tostringtag set size:undefined disposed:false
602 silly fetch manifest get-proto@^1.0.1
603 silly packumentCache full:https://registry.npmjs.org/get-proto cache-miss
604 http fetch GET 200 https://registry.npmjs.org/es-to-primitive 44ms (cache miss)
605 silly packumentCache full:https://registry.npmjs.org/es-to-primitive set size:undefined disposed:false
606 silly fetch manifest get-symbol-description@^1.1.0
607 silly packumentCache full:https://registry.npmjs.org/get-symbol-description cache-miss
608 http fetch GET 200 https://registry.npmjs.org/function.prototype.name 50ms (cache miss)
609 silly packumentCache full:https://registry.npmjs.org/function.prototype.name set size:undefined disposed:false
610 silly fetch manifest globalthis@^1.0.4
611 silly packumentCache full:https://registry.npmjs.org/globalthis cache-miss
612 http fetch GET 200 https://registry.npmjs.org/get-symbol-description 45ms (cache miss)
613 silly packumentCache full:https://registry.npmjs.org/get-symbol-description set size:undefined disposed:false
614 silly fetch manifest gopd@^1.2.0
615 silly packumentCache full:https://registry.npmjs.org/gopd cache-miss
616 http fetch GET 200 https://registry.npmjs.org/get-proto 52ms (cache miss)
617 silly packumentCache full:https://registry.npmjs.org/get-proto set size:undefined disposed:false
618 silly fetch manifest has-property-descriptors@^1.0.2
619 silly packumentCache full:https://registry.npmjs.org/has-property-descriptors cache-miss
620 http cache https://registry.npmjs.org/has-property-descriptors 4ms (cache hit)
621 silly packumentCache full:https://registry.npmjs.org/has-property-descriptors set size:12452 disposed:false
622 silly fetch manifest has-proto@^1.2.0
623 silly packumentCache full:https://registry.npmjs.org/has-proto cache-miss
624 http fetch GET 200 https://registry.npmjs.org/globalthis 52ms (cache miss)
625 silly packumentCache full:https://registry.npmjs.org/globalthis set size:undefined disposed:false
626 silly fetch manifest has-symbols@^1.1.0
627 silly packumentCache full:https://registry.npmjs.org/has-symbols cache-miss
628 http fetch GET 200 https://registry.npmjs.org/gopd 55ms (cache miss)
629 silly packumentCache full:https://registry.npmjs.org/gopd set size:undefined disposed:false
630 silly fetch manifest internal-slot@^1.1.0
631 silly packumentCache full:https://registry.npmjs.org/internal-slot cache-miss
632 http fetch GET 200 https://registry.npmjs.org/has-proto 53ms (cache miss)
633 silly packumentCache full:https://registry.npmjs.org/has-proto set size:undefined disposed:false
634 silly fetch manifest is-array-buffer@^3.0.5
635 silly packumentCache full:https://registry.npmjs.org/is-array-buffer cache-miss
636 http fetch GET 200 https://registry.npmjs.org/is-array-buffer 47ms (cache miss)
637 silly packumentCache full:https://registry.npmjs.org/is-array-buffer set size:undefined disposed:false
638 silly fetch manifest is-callable@^1.2.7
639 silly packumentCache full:https://registry.npmjs.org/is-callable cache-miss
640 http fetch GET 200 https://registry.npmjs.org/internal-slot 58ms (cache miss)
641 silly packumentCache full:https://registry.npmjs.org/internal-slot set size:undefined disposed:false
642 silly fetch manifest is-data-view@^1.0.2
643 silly packumentCache full:https://registry.npmjs.org/is-data-view cache-miss
644 http fetch GET 200 https://registry.npmjs.org/has-symbols 119ms (cache miss)
645 silly packumentCache full:https://registry.npmjs.org/has-symbols set size:undefined disposed:false
646 silly fetch manifest is-negative-zero@^2.0.3
647 silly packumentCache full:https://registry.npmjs.org/is-negative-zero cache-miss
648 http fetch GET 200 https://registry.npmjs.org/is-callable 55ms (cache miss)
649 silly packumentCache full:https://registry.npmjs.org/is-callable set size:undefined disposed:false
650 silly fetch manifest is-regex@^1.2.1
651 silly packumentCache full:https://registry.npmjs.org/is-regex cache-miss
652 http fetch GET 200 https://registry.npmjs.org/is-data-view 66ms (cache miss)
653 silly packumentCache full:https://registry.npmjs.org/is-data-view set size:undefined disposed:false
654 silly fetch manifest is-set@^2.0.3
655 silly packumentCache full:https://registry.npmjs.org/is-set cache-miss
656 http fetch GET 200 https://registry.npmjs.org/is-negative-zero 47ms (cache miss)
657 silly packumentCache full:https://registry.npmjs.org/is-negative-zero set size:undefined disposed:false
658 silly fetch manifest is-shared-array-buffer@^1.0.4
659 silly packumentCache full:https://registry.npmjs.org/is-shared-array-buffer cache-miss
660 http fetch GET 200 https://registry.npmjs.org/is-regex 46ms (cache miss)
661 silly packumentCache full:https://registry.npmjs.org/is-regex set size:undefined disposed:false
662 silly fetch manifest is-typed-array@^1.1.15
663 silly packumentCache full:https://registry.npmjs.org/is-typed-array cache-miss
664 http fetch GET 200 https://registry.npmjs.org/is-set 45ms (cache miss)
665 silly packumentCache full:https://registry.npmjs.org/is-set set size:undefined disposed:false
666 silly fetch manifest is-weakref@^1.1.1
667 silly packumentCache full:https://registry.npmjs.org/is-weakref cache-miss
668 http fetch GET 200 https://registry.npmjs.org/is-shared-array-buffer 55ms (cache miss)
669 silly packumentCache full:https://registry.npmjs.org/is-shared-array-buffer set size:undefined disposed:false
670 silly fetch manifest object-inspect@^1.13.4
671 silly packumentCache full:https://registry.npmjs.org/object-inspect cache-miss
672 http fetch GET 200 https://registry.npmjs.org/is-typed-array 54ms (cache miss)
673 silly packumentCache full:https://registry.npmjs.org/is-typed-array set size:undefined disposed:false
674 silly fetch manifest object.assign@^4.1.7
675 silly packumentCache full:https://registry.npmjs.org/object.assign cache-miss
676 http fetch GET 200 https://registry.npmjs.org/is-weakref 51ms (cache miss)
677 silly packumentCache full:https://registry.npmjs.org/is-weakref set size:undefined disposed:false
678 silly fetch manifest own-keys@^1.0.1
679 silly packumentCache full:https://registry.npmjs.org/own-keys cache-miss
680 http fetch GET 200 https://registry.npmjs.org/object-inspect 46ms (cache miss)
681 silly packumentCache full:https://registry.npmjs.org/object-inspect set size:undefined disposed:false
682 silly fetch manifest regexp.prototype.flags@^1.5.4
683 silly packumentCache full:https://registry.npmjs.org/regexp.prototype.flags cache-miss
684 http fetch GET 200 https://registry.npmjs.org/own-keys 52ms (cache miss)
685 silly packumentCache full:https://registry.npmjs.org/own-keys set size:undefined disposed:false
686 silly fetch manifest safe-array-concat@^1.1.3
687 silly packumentCache full:https://registry.npmjs.org/safe-array-concat cache-miss
688 http fetch GET 200 https://registry.npmjs.org/object.assign 65ms (cache miss)
689 silly packumentCache full:https://registry.npmjs.org/object.assign set size:undefined disposed:false
690 silly fetch manifest safe-push-apply@^1.0.0
691 silly packumentCache full:https://registry.npmjs.org/safe-push-apply cache-miss
692 http fetch GET 200 https://registry.npmjs.org/regexp.prototype.flags 51ms (cache miss)
693 silly packumentCache full:https://registry.npmjs.org/regexp.prototype.flags set size:undefined disposed:false
694 silly fetch manifest safe-regex-test@^1.1.0
695 silly packumentCache full:https://registry.npmjs.org/safe-regex-test cache-miss
696 http cache https://registry.npmjs.org/safe-regex-test 5ms (cache hit)
697 silly packumentCache full:https://registry.npmjs.org/safe-regex-test set size:17412 disposed:false
698 silly fetch manifest set-proto@^1.0.0
699 silly packumentCache full:https://registry.npmjs.org/set-proto cache-miss
700 http fetch GET 200 https://registry.npmjs.org/safe-array-concat 45ms (cache miss)
701 silly packumentCache full:https://registry.npmjs.org/safe-array-concat set size:undefined disposed:false
702 silly fetch manifest stop-iteration-iterator@^1.1.0
703 silly packumentCache full:https://registry.npmjs.org/stop-iteration-iterator cache-miss
704 http fetch GET 200 https://registry.npmjs.org/safe-push-apply 47ms (cache miss)
705 silly packumentCache full:https://registry.npmjs.org/safe-push-apply set size:undefined disposed:false
706 silly fetch manifest string.prototype.trim@^1.2.10
707 silly packumentCache full:https://registry.npmjs.org/string.prototype.trim cache-miss
708 http fetch GET 200 https://registry.npmjs.org/set-proto 50ms (cache miss)
709 silly packumentCache full:https://registry.npmjs.org/set-proto set size:undefined disposed:false
710 silly fetch manifest string.prototype.trimstart@^1.0.8
711 silly packumentCache full:https://registry.npmjs.org/string.prototype.trimstart cache-miss
712 http fetch GET 200 https://registry.npmjs.org/stop-iteration-iterator 47ms (cache miss)
713 silly packumentCache full:https://registry.npmjs.org/stop-iteration-iterator set size:undefined disposed:false
714 silly fetch manifest typed-array-buffer@^1.0.3
715 silly packumentCache full:https://registry.npmjs.org/typed-array-buffer cache-miss
716 http fetch GET 200 https://registry.npmjs.org/string.prototype.trim 47ms (cache miss)
717 silly packumentCache full:https://registry.npmjs.org/string.prototype.trim set size:undefined disposed:false
718 silly fetch manifest typed-array-byte-length@^1.0.3
719 silly packumentCache full:https://registry.npmjs.org/typed-array-byte-length cache-miss
720 http fetch GET 200 https://registry.npmjs.org/string.prototype.trimstart 41ms (cache miss)
721 silly packumentCache full:https://registry.npmjs.org/string.prototype.trimstart set size:undefined disposed:false
722 silly fetch manifest typed-array-byte-offset@^1.0.4
723 silly packumentCache full:https://registry.npmjs.org/typed-array-byte-offset cache-miss
724 http fetch GET 200 https://registry.npmjs.org/typed-array-buffer 46ms (cache miss)
725 silly packumentCache full:https://registry.npmjs.org/typed-array-buffer set size:undefined disposed:false
726 silly fetch manifest typed-array-length@^1.0.7
727 silly packumentCache full:https://registry.npmjs.org/typed-array-length cache-miss
728 http fetch GET 200 https://registry.npmjs.org/typed-array-byte-length 55ms (cache miss)
729 silly packumentCache full:https://registry.npmjs.org/typed-array-byte-length set size:undefined disposed:false
730 silly fetch manifest unbox-primitive@^1.1.0
731 silly packumentCache full:https://registry.npmjs.org/unbox-primitive cache-miss
732 http fetch GET 200 https://registry.npmjs.org/typed-array-byte-offset 45ms (cache miss)
733 silly packumentCache full:https://registry.npmjs.org/typed-array-byte-offset set size:undefined disposed:false
734 silly fetch manifest which-typed-array@^1.1.19
735 silly packumentCache full:https://registry.npmjs.org/which-typed-array cache-miss
736 http fetch GET 200 https://registry.npmjs.org/typed-array-length 52ms (cache miss)
737 silly packumentCache full:https://registry.npmjs.org/typed-array-length set size:undefined disposed:false
738 silly fetch manifest has-tostringtag@^1.0.2
739 silly packumentCache full:https://registry.npmjs.org/has-tostringtag cache-miss
740 http fetch GET 200 https://registry.npmjs.org/unbox-primitive 43ms (cache miss)
741 silly packumentCache full:https://registry.npmjs.org/unbox-primitive set size:undefined disposed:false
742 http fetch GET 200 https://registry.npmjs.org/which-typed-array 53ms (cache miss)
743 silly packumentCache full:https://registry.npmjs.org/which-typed-array set size:undefined disposed:false
744 http fetch GET 200 https://registry.npmjs.org/has-tostringtag 46ms (cache miss)
745 silly packumentCache full:https://registry.npmjs.org/has-tostringtag set size:undefined disposed:false
746 silly placeDep ROOT es-errors@1.3.0 OK for: array.prototype.findlastindex@1.2.6 want: ^1.3.0
747 silly placeDep ROOT es-shim-unscopables@1.1.0 OK for: array.prototype.findlastindex@1.2.6 want: ^1.1.0
748 silly placeDep ROOT call-bind-apply-helpers@1.0.2 OK for: call-bind@1.0.8 want: ^1.0.0
749 silly placeDep ROOT es-define-property@1.0.1 OK for: call-bind@1.0.8 want: ^1.0.0
750 silly placeDep ROOT set-function-length@1.2.2 OK for: call-bind@1.0.8 want: ^1.2.2
751 silly fetch manifest define-data-property@^1.1.4
752 silly packumentCache full:https://registry.npmjs.org/define-data-property cache-miss
753 silly fetch manifest gopd@^1.0.1
754 silly packumentCache full:https://registry.npmjs.org/gopd cache-miss
755 http cache https://registry.npmjs.org/define-data-property 8ms (cache hit)
756 silly packumentCache full:https://registry.npmjs.org/define-data-property set size:28048 disposed:false
757 http cache https://registry.npmjs.org/gopd 9ms (cache hit)
758 silly packumentCache full:https://registry.npmjs.org/gopd set size:11458 disposed:false
759 silly placeDep ROOT define-data-property@1.1.4 OK for: define-properties@1.2.1 want: ^1.0.1
760 silly placeDep ROOT has-property-descriptors@1.0.2 OK for: define-properties@1.2.1 want: ^1.0.0
761 silly placeDep ROOT object-keys@1.1.1 OK for: define-properties@1.2.1 want: ^1.1.1
762 silly placeDep ROOT gopd@1.2.0 OK for: define-data-property@1.1.4 want: ^1.0.1
763 silly placeDep ROOT array-buffer-byte-length@1.0.2 OK for: es-abstract@1.24.1 want: ^1.0.2
764 silly placeDep ROOT arraybuffer.prototype.slice@1.0.4 OK for: es-abstract@1.24.1 want: ^1.0.4
765 silly placeDep ROOT available-typed-arrays@1.0.7 OK for: es-abstract@1.24.1 want: ^1.0.7
766 silly placeDep ROOT data-view-buffer@1.0.2 OK for: es-abstract@1.24.1 want: ^1.0.2
767 silly placeDep ROOT data-view-byte-length@1.0.2 OK for: es-abstract@1.24.1 want: ^1.0.2
768 silly placeDep ROOT data-view-byte-offset@1.0.1 OK for: es-abstract@1.24.1 want: ^1.0.1
769 silly placeDep ROOT es-set-tostringtag@2.1.0 OK for: es-abstract@1.24.1 want: ^2.1.0
770 silly placeDep ROOT es-to-primitive@1.3.0 OK for: es-abstract@1.24.1 want: ^1.3.0
771 silly placeDep ROOT function.prototype.name@1.1.8 OK for: es-abstract@1.24.1 want: ^1.1.8
772 silly placeDep ROOT get-proto@1.0.1 OK for: es-abstract@1.24.1 want: ^1.0.1
773 silly placeDep ROOT get-symbol-description@1.1.0 OK for: es-abstract@1.24.1 want: ^1.1.0
774 silly placeDep ROOT globalthis@1.0.4 OK for: es-abstract@1.24.1 want: ^1.0.4
775 silly placeDep ROOT has-proto@1.2.0 OK for: es-abstract@1.24.1 want: ^1.2.0
776 silly placeDep ROOT has-symbols@1.1.0 OK for: es-abstract@1.24.1 want: ^1.1.0
777 silly placeDep ROOT internal-slot@1.1.0 OK for: es-abstract@1.24.1 want: ^1.1.0
778 silly placeDep ROOT is-array-buffer@3.0.5 OK for: es-abstract@1.24.1 want: ^3.0.5
779 silly placeDep ROOT is-callable@1.2.7 OK for: es-abstract@1.24.1 want: ^1.2.7
780 silly placeDep ROOT is-data-view@1.0.2 OK for: es-abstract@1.24.1 want: ^1.0.2
781 silly placeDep ROOT is-negative-zero@2.0.3 OK for: es-abstract@1.24.1 want: ^2.0.3
782 silly placeDep ROOT is-regex@1.2.1 OK for: es-abstract@1.24.1 want: ^1.2.1
783 silly placeDep ROOT is-set@2.0.3 OK for: es-abstract@1.24.1 want: ^2.0.3
784 silly placeDep ROOT is-shared-array-buffer@1.0.4 OK for: es-abstract@1.24.1 want: ^1.0.4
785 silly placeDep ROOT is-typed-array@1.1.15 OK for: es-abstract@1.24.1 want: ^1.1.15
786 silly placeDep ROOT is-weakref@1.1.1 OK for: es-abstract@1.24.1 want: ^1.1.1
787 silly placeDep ROOT object-inspect@1.13.4 OK for: es-abstract@1.24.1 want: ^1.13.4
788 silly placeDep ROOT object.assign@4.1.7 OK for: es-abstract@1.24.1 want: ^4.1.7
789 silly placeDep ROOT own-keys@1.0.1 OK for: es-abstract@1.24.1 want: ^1.0.1
790 silly placeDep ROOT regexp.prototype.flags@1.5.4 OK for: es-abstract@1.24.1 want: ^1.5.4
791 silly placeDep ROOT safe-array-concat@1.1.3 OK for: es-abstract@1.24.1 want: ^1.1.3
792 silly placeDep ROOT safe-push-apply@1.0.0 OK for: es-abstract@1.24.1 want: ^1.0.0
793 silly placeDep ROOT safe-regex-test@1.1.0 OK for: es-abstract@1.24.1 want: ^1.1.0
794 silly placeDep ROOT set-proto@1.0.0 OK for: es-abstract@1.24.1 want: ^1.0.0
795 silly placeDep ROOT stop-iteration-iterator@1.1.0 OK for: es-abstract@1.24.1 want: ^1.1.0
796 silly placeDep ROOT string.prototype.trim@1.2.10 OK for: es-abstract@1.24.1 want: ^1.2.10
797 silly placeDep ROOT string.prototype.trimstart@1.0.8 OK for: es-abstract@1.24.1 want: ^1.0.8
798 silly placeDep ROOT typed-array-buffer@1.0.3 OK for: es-abstract@1.24.1 want: ^1.0.3
799 silly placeDep ROOT typed-array-byte-length@1.0.3 OK for: es-abstract@1.24.1 want: ^1.0.3
800 silly placeDep ROOT typed-array-byte-offset@1.0.4 OK for: es-abstract@1.24.1 want: ^1.0.4
801 silly placeDep ROOT typed-array-length@1.0.7 OK for: es-abstract@1.24.1 want: ^1.0.7
802 silly placeDep ROOT unbox-primitive@1.1.0 OK for: es-abstract@1.24.1 want: ^1.1.0
803 silly placeDep ROOT which-typed-array@1.1.19 OK for: es-abstract@1.24.1 want: ^1.1.19
804 silly fetch manifest is-array-buffer@^3.0.4
805 silly packumentCache full:https://registry.npmjs.org/is-array-buffer cache-miss
806 silly fetch manifest possible-typed-array-names@^1.0.0
807 silly packumentCache full:https://registry.npmjs.org/possible-typed-array-names cache-miss
808 silly fetch manifest is-data-view@^1.0.1
809 silly packumentCache full:https://registry.npmjs.org/is-data-view cache-miss
810 http cache https://registry.npmjs.org/is-array-buffer 11ms (cache hit)
811 silly packumentCache full:https://registry.npmjs.org/is-array-buffer set size:33562 disposed:false
812 silly fetch manifest is-date-object@^1.0.5
813 silly packumentCache full:https://registry.npmjs.org/is-date-object cache-miss
814 http cache https://registry.npmjs.org/is-data-view 15ms (cache hit)
815 silly packumentCache full:https://registry.npmjs.org/is-data-view set size:13756 disposed:false
816 silly fetch manifest is-symbol@^1.0.4
817 silly packumentCache full:https://registry.npmjs.org/is-symbol cache-miss
818 http fetch GET 200 https://registry.npmjs.org/possible-typed-array-names 69ms (cache miss)
819 silly packumentCache full:https://registry.npmjs.org/possible-typed-array-names set size:undefined disposed:false
820 silly fetch manifest functions-have-names@^1.2.3
821 silly packumentCache full:https://registry.npmjs.org/functions-have-names cache-miss
822 http fetch GET 200 https://registry.npmjs.org/is-date-object 60ms (cache miss)
823 silly packumentCache full:https://registry.npmjs.org/is-date-object set size:undefined disposed:false
824 silly fetch manifest dunder-proto@^1.0.1
825 silly packumentCache full:https://registry.npmjs.org/dunder-proto cache-miss
826 http fetch GET 200 https://registry.npmjs.org/is-symbol 62ms (cache miss)
827 silly packumentCache full:https://registry.npmjs.org/is-symbol set size:undefined disposed:false
828 silly fetch manifest dunder-proto@^1.0.0
829 silly packumentCache full:https://registry.npmjs.org/dunder-proto cache-miss
830 http fetch GET 200 https://registry.npmjs.org/dunder-proto 50ms (cache miss)
831 silly packumentCache full:https://registry.npmjs.org/dunder-proto set size:undefined disposed:false
832 silly fetch manifest side-channel@^1.1.0
833 silly packumentCache full:https://registry.npmjs.org/side-channel cache-miss
834 http fetch GET 200 https://registry.npmjs.org/dunder-proto 48ms (cache miss)
835 silly packumentCache full:https://registry.npmjs.org/dunder-proto set size:undefined disposed:false
836 silly fetch manifest is-typed-array@^1.1.13
837 silly packumentCache full:https://registry.npmjs.org/is-typed-array cache-miss
838 http fetch GET 200 https://registry.npmjs.org/functions-have-names 61ms (cache miss)
839 silly packumentCache full:https://registry.npmjs.org/functions-have-names set size:undefined disposed:false
840 silly fetch manifest which-typed-array@^1.1.16
841 silly packumentCache full:https://registry.npmjs.org/which-typed-array cache-miss
842 http cache https://registry.npmjs.org/which-typed-array 6ms (cache hit)
843 silly packumentCache full:https://registry.npmjs.org/which-typed-array set size:89701 disposed:false
844 silly fetch manifest set-function-name@^2.0.2
845 silly packumentCache full:https://registry.npmjs.org/set-function-name cache-miss
846 http cache https://registry.npmjs.org/is-typed-array 14ms (cache hit)
847 silly packumentCache full:https://registry.npmjs.org/is-typed-array set size:79965 disposed:false
848 silly fetch manifest isarray@^2.0.5
849 silly packumentCache full:https://registry.npmjs.org/isarray cache-miss
850 http fetch GET 200 https://registry.npmjs.org/side-channel 55ms (cache miss)
851 silly packumentCache full:https://registry.npmjs.org/side-channel set size:undefined disposed:false
852 silly fetch manifest isarray@^2.0.5
853 silly packumentCache full:https://registry.npmjs.org/isarray cache-miss
854 http fetch GET 200 https://registry.npmjs.org/isarray 51ms (cache miss)
855 silly packumentCache full:https://registry.npmjs.org/isarray set size:undefined disposed:false
856 silly fetch manifest for-each@^0.3.3
857 silly packumentCache full:https://registry.npmjs.org/for-each cache-miss
858 http fetch GET 200 https://registry.npmjs.org/set-function-name 57ms (cache miss)
859 silly packumentCache full:https://registry.npmjs.org/set-function-name set size:undefined disposed:false
860 silly fetch manifest for-each@^0.3.3
861 silly packumentCache full:https://registry.npmjs.org/for-each cache-miss
862 http fetch GET 200 https://registry.npmjs.org/isarray 45ms (cache miss)
863 silly packumentCache full:https://registry.npmjs.org/isarray set size:undefined disposed:false
864 silly fetch manifest reflect.getprototypeof@^1.0.9
865 silly packumentCache full:https://registry.npmjs.org/reflect.getprototypeof cache-miss
866 http fetch GET 200 https://registry.npmjs.org/for-each 49ms (cache miss)
867 silly packumentCache full:https://registry.npmjs.org/for-each set size:undefined disposed:false
868 silly fetch manifest reflect.getprototypeof@^1.0.6
869 silly packumentCache full:https://registry.npmjs.org/reflect.getprototypeof cache-miss
870 http fetch GET 200 https://registry.npmjs.org/for-each 49ms (cache miss)
871 silly packumentCache full:https://registry.npmjs.org/for-each set size:undefined disposed:false
872 silly fetch manifest has-bigints@^1.0.2
873 silly packumentCache full:https://registry.npmjs.org/has-bigints cache-miss
874 http fetch GET 200 https://registry.npmjs.org/reflect.getprototypeof 45ms (cache miss)
875 silly packumentCache full:https://registry.npmjs.org/reflect.getprototypeof set size:undefined disposed:false
876 silly fetch manifest which-boxed-primitive@^1.1.1
877 silly packumentCache full:https://registry.npmjs.org/which-boxed-primitive cache-miss
878 http fetch GET 200 https://registry.npmjs.org/has-bigints 46ms (cache miss)
879 silly packumentCache full:https://registry.npmjs.org/has-bigints set size:undefined disposed:false
880 silly fetch manifest for-each@^0.3.5
881 silly packumentCache full:https://registry.npmjs.org/for-each cache-miss
882 http fetch GET 200 https://registry.npmjs.org/reflect.getprototypeof 53ms (cache miss)
883 silly packumentCache full:https://registry.npmjs.org/reflect.getprototypeof set size:undefined disposed:false
884 http cache https://registry.npmjs.org/for-each 7ms (cache hit)
885 silly packumentCache full:https://registry.npmjs.org/for-each set size:14327 disposed:false
886 http fetch GET 200 https://registry.npmjs.org/which-boxed-primitive 53ms (cache miss)
887 silly packumentCache full:https://registry.npmjs.org/which-boxed-primitive set size:undefined disposed:false
888 silly placeDep ROOT possible-typed-array-names@1.1.0 OK for: available-typed-arrays@1.0.7 want: ^1.0.0
889 silly placeDep ROOT has-tostringtag@1.0.2 OK for: es-set-tostringtag@2.1.0 want: ^1.0.2
890 silly placeDep ROOT is-date-object@1.1.0 OK for: es-to-primitive@1.3.0 want: ^1.0.5
891 silly placeDep ROOT is-symbol@1.1.1 OK for: es-to-primitive@1.3.0 want: ^1.0.4
892 silly placeDep node_modules/eslint-module-utils debug@3.2.7 OK for: eslint-module-utils@2.12.1 want: ^3.2.7
893 silly placeDep ROOT aria-query@5.3.2 OK for: eslint-plugin-jsx-a11y@6.10.2 want: ^5.3.2
894 silly placeDep ROOT ast-types-flow@0.0.8 OK for: eslint-plugin-jsx-a11y@6.10.2 want: ^0.0.8
895 silly placeDep ROOT axe-core@4.11.0 OK for: eslint-plugin-jsx-a11y@6.10.2 want: ^4.10.0
896 silly placeDep ROOT axobject-query@4.1.0 OK for: eslint-plugin-jsx-a11y@6.10.2 want: ^4.1.0
897 silly placeDep ROOT damerau-levenshtein@1.0.8 OK for: eslint-plugin-jsx-a11y@6.10.2 want: ^1.0.8
898 silly placeDep ROOT emoji-regex@9.2.2 OK for: eslint-plugin-jsx-a11y@6.10.2 want: ^9.2.2
899 silly placeDep ROOT jsx-ast-utils@3.3.5 OK for: eslint-plugin-jsx-a11y@6.10.2 want: ^3.3.5
900 silly placeDep ROOT language-tags@1.0.9 OK for: eslint-plugin-jsx-a11y@6.10.2 want: ^1.0.9
901 silly placeDep ROOT string.prototype.includes@2.0.1 OK for: eslint-plugin-jsx-a11y@6.10.2 want: ^2.0.1
902 silly fetch manifest language-subtag-registry@^0.3.20
903 silly packumentCache full:https://registry.npmjs.org/language-subtag-registry cache-miss
904 http fetch GET 200 https://registry.npmjs.org/language-subtag-registry 46ms (cache miss)
905 silly packumentCache full:https://registry.npmjs.org/language-subtag-registry set size:undefined disposed:false
906 silly placeDep ROOT array.prototype.findlast@1.2.5 OK for: eslint-plugin-react@7.37.5 want: ^1.2.5
907 silly placeDep ROOT array.prototype.tosorted@1.1.4 OK for: eslint-plugin-react@7.37.5 want: ^1.1.4
908 silly placeDep node_modules/eslint-plugin-react doctrine@2.1.0 OK for: eslint-plugin-react@7.37.5 want: ^2.1.0
909 silly placeDep ROOT es-iterator-helpers@1.2.2 OK for: eslint-plugin-react@7.37.5 want: ^1.2.1
910 silly placeDep ROOT object.entries@1.1.9 OK for: eslint-plugin-react@7.37.5 want: ^1.1.9
911 silly placeDep ROOT prop-types@15.8.1 OK for: eslint-plugin-react@7.37.5 want: ^15.8.1
912 silly placeDep node_modules/eslint-plugin-react resolve@2.0.0-next.5 OK for: eslint-plugin-react@7.37.5 want: ^2.0.0-next.5
913 silly placeDep node_modules/eslint-plugin-react semver@6.3.1 OK for: eslint-plugin-react@7.37.5 want: ^6.3.1
914 silly placeDep ROOT string.prototype.matchall@4.0.12 OK for: eslint-plugin-react@7.37.5 want: ^4.0.12
915 silly placeDep ROOT string.prototype.repeat@1.0.0 OK for: eslint-plugin-react@7.37.5 want: ^1.0.0
916 silly fetch manifest iterator.prototype@^1.1.5
917 silly packumentCache full:https://registry.npmjs.org/iterator.prototype cache-miss
918 silly fetch manifest react-is@^16.13.1
919 silly packumentCache full:https://registry.npmjs.org/react-is cache-miss
920 http fetch GET 200 https://registry.npmjs.org/iterator.prototype 59ms (cache miss)
921 silly packumentCache full:https://registry.npmjs.org/iterator.prototype set size:undefined disposed:false
922 http fetch GET 200 https://registry.npmjs.org/react-is 162ms (cache miss)
923 silly packumentCache full:https://registry.npmjs.org/react-is set size:undefined disposed:false
924 silly placeDep ROOT iterator.prototype@1.1.5 OK for: es-iterator-helpers@1.2.2 want: ^1.1.5
925 silly placeDep ROOT functions-have-names@1.2.3 OK for: function.prototype.name@1.1.8 want: ^1.2.3
926 silly placeDep ROOT dunder-proto@1.0.1 OK for: get-proto@1.0.1 want: ^1.0.1
927 silly placeDep ROOT resolve-pkg-maps@1.0.0 OK for: get-tsconfig@4.13.0 want: ^1.0.0
928 silly placeDep ROOT array-union@2.1.0 OK for: globby@11.1.0 want: ^2.1.0
929 silly placeDep ROOT dir-glob@3.0.1 OK for: globby@11.1.0 want: ^3.0.1
930 silly placeDep ROOT slash@3.0.0 OK for: globby@11.1.0 want: ^3.0.0
931 silly fetch manifest path-type@^4.0.0
932 silly packumentCache full:https://registry.npmjs.org/path-type cache-miss
933 http fetch GET 200 https://registry.npmjs.org/path-type 45ms (cache miss)
934 silly packumentCache full:https://registry.npmjs.org/path-type set size:undefined disposed:false
935 silly placeDep ROOT path-type@4.0.0 OK for: dir-glob@3.0.1 want: ^4.0.0
936 silly placeDep ROOT side-channel@1.1.0 OK for: internal-slot@1.1.0 want: ^1.1.0
937 silly fetch manifest side-channel-list@^1.0.0
938 silly packumentCache full:https://registry.npmjs.org/side-channel-list cache-miss
939 silly fetch manifest side-channel-map@^1.0.1
940 silly packumentCache full:https://registry.npmjs.org/side-channel-map cache-miss
941 silly fetch manifest side-channel-weakmap@^1.0.2
942 silly packumentCache full:https://registry.npmjs.org/side-channel-weakmap cache-miss
943 http fetch GET 200 https://registry.npmjs.org/side-channel-list 64ms (cache miss)
944 silly packumentCache full:https://registry.npmjs.org/side-channel-list set size:undefined disposed:false
945 http fetch GET 200 https://registry.npmjs.org/side-channel-map 64ms (cache miss)
946 silly packumentCache full:https://registry.npmjs.org/side-channel-map set size:undefined disposed:false
947 http fetch GET 200 https://registry.npmjs.org/side-channel-weakmap 68ms (cache miss)
948 silly packumentCache full:https://registry.npmjs.org/side-channel-weakmap set size:undefined disposed:false
949 silly placeDep ROOT set-function-name@2.0.2 OK for: iterator.prototype@1.1.5 want: ^2.0.2
950 silly placeDep ROOT language-subtag-registry@0.3.23 OK for: language-tags@1.0.9 want: ^0.3.20
951 silly placeDep ROOT react-is@16.13.1 OK for: prop-types@15.8.1 want: ^16.13.1
952 silly placeDep ROOT isarray@2.0.5 OK for: safe-array-concat@1.1.3 want: ^2.0.5
953 silly placeDep ROOT side-channel-list@1.0.0 OK for: side-channel@1.1.0 want: ^1.0.0
954 silly placeDep ROOT side-channel-map@1.0.1 OK for: side-channel@1.1.0 want: ^1.0.1
955 silly placeDep ROOT side-channel-weakmap@1.0.2 OK for: side-channel@1.1.0 want: ^1.0.2
956 silly placeDep ROOT @types/json5@0.0.29 OK for: tsconfig-paths@3.15.0 want: ^0.0.29
957 silly placeDep ROOT json5@1.0.2 OK for: tsconfig-paths@3.15.0 want: ^1.0.2
958 silly placeDep ROOT minimist@1.2.8 OK for: tsconfig-paths@3.15.0 want: ^1.2.6
959 silly placeDep ROOT strip-bom@3.0.0 OK for: tsconfig-paths@3.15.0 want: ^3.0.0
960 silly fetch manifest minimist@^1.2.0
961 silly packumentCache full:https://registry.npmjs.org/minimist cache-miss
962 http cache https://registry.npmjs.org/minimist 4ms (cache hit)
963 silly packumentCache full:https://registry.npmjs.org/minimist set size:77082 disposed:false
964 silly placeDep ROOT for-each@0.3.5 OK for: typed-array-byte-length@1.0.3 want: ^0.3.3
965 silly placeDep ROOT reflect.getprototypeof@1.0.10 OK for: typed-array-byte-offset@1.0.4 want: ^1.0.9
966 silly fetch manifest which-builtin-type@^1.2.1
967 silly packumentCache full:https://registry.npmjs.org/which-builtin-type cache-miss
968 http fetch GET 200 https://registry.npmjs.org/which-builtin-type 80ms (cache miss)
969 silly packumentCache full:https://registry.npmjs.org/which-builtin-type set size:undefined disposed:false
970 silly placeDep ROOT which-builtin-type@1.2.1 OK for: reflect.getprototypeof@1.0.10 want: ^1.2.1
971 silly fetch manifest is-async-function@^2.0.0
972 silly packumentCache full:https://registry.npmjs.org/is-async-function cache-miss
973 silly fetch manifest is-finalizationregistry@^1.1.0
974 silly packumentCache full:https://registry.npmjs.org/is-finalizationregistry cache-miss
975 silly fetch manifest is-generator-function@^1.0.10
976 silly packumentCache full:https://registry.npmjs.org/is-generator-function cache-miss
977 http fetch GET 200 https://registry.npmjs.org/is-async-function 44ms (cache miss)
978 silly packumentCache full:https://registry.npmjs.org/is-async-function set size:undefined disposed:false
979 silly fetch manifest which-boxed-primitive@^1.1.0
980 silly packumentCache full:https://registry.npmjs.org/which-boxed-primitive cache-miss
981 http fetch GET 200 https://registry.npmjs.org/is-generator-function 46ms (cache miss)
982 silly packumentCache full:https://registry.npmjs.org/is-generator-function set size:undefined disposed:false
983 silly fetch manifest which-collection@^1.0.2
984 silly packumentCache full:https://registry.npmjs.org/which-collection cache-miss
985 http cache https://registry.npmjs.org/which-boxed-primitive 9ms (cache hit)
986 silly packumentCache full:https://registry.npmjs.org/which-boxed-primitive set size:19407 disposed:false
987 http fetch GET 200 https://registry.npmjs.org/is-finalizationregistry 61ms (cache miss)
988 silly packumentCache full:https://registry.npmjs.org/is-finalizationregistry set size:undefined disposed:false
989 http fetch GET 200 https://registry.npmjs.org/which-collection 45ms (cache miss)
990 silly packumentCache full:https://registry.npmjs.org/which-collection set size:undefined disposed:false
991 silly placeDep ROOT has-bigints@1.1.0 OK for: unbox-primitive@1.1.0 want: ^1.0.2
992 silly placeDep ROOT which-boxed-primitive@1.1.1 OK for: unbox-primitive@1.1.0 want: ^1.1.1
993 silly fetch manifest is-bigint@^1.1.0
994 silly packumentCache full:https://registry.npmjs.org/is-bigint cache-miss
995 silly fetch manifest is-boolean-object@^1.2.1
996 silly packumentCache full:https://registry.npmjs.org/is-boolean-object cache-miss
997 silly fetch manifest is-number-object@^1.1.1
998 silly packumentCache full:https://registry.npmjs.org/is-number-object cache-miss
999 http fetch GET 200 https://registry.npmjs.org/is-boolean-object 51ms (cache miss)
1000 silly packumentCache full:https://registry.npmjs.org/is-boolean-object set size:undefined disposed:false
1001 http fetch GET 200 https://registry.npmjs.org/is-number-object 51ms (cache miss)
1002 silly packumentCache full:https://registry.npmjs.org/is-number-object set size:undefined disposed:false
1003 http fetch GET 200 https://registry.npmjs.org/is-bigint 54ms (cache miss)
1004 silly packumentCache full:https://registry.npmjs.org/is-bigint set size:undefined disposed:false
1005 silly placeDep ROOT @unrs/resolver-binding-android-arm-eabi@1.11.1 OK for: unrs-resolver@1.11.1 want: 1.11.1
1006 silly placeDep ROOT @unrs/resolver-binding-android-arm64@1.11.1 OK for: unrs-resolver@1.11.1 want: 1.11.1
1007 silly placeDep ROOT @unrs/resolver-binding-darwin-arm64@1.11.1 OK for: unrs-resolver@1.11.1 want: 1.11.1
1008 silly placeDep ROOT @unrs/resolver-binding-darwin-x64@1.11.1 OK for: unrs-resolver@1.11.1 want: 1.11.1
1009 silly placeDep ROOT @unrs/resolver-binding-freebsd-x64@1.11.1 OK for: unrs-resolver@1.11.1 want: 1.11.1
1010 silly placeDep ROOT @unrs/resolver-binding-linux-arm-gnueabihf@1.11.1 OK for: unrs-resolver@1.11.1 want: 1.11.1
1011 silly placeDep ROOT @unrs/resolver-binding-linux-arm-musleabihf@1.11.1 OK for: unrs-resolver@1.11.1 want: 1.11.1
1012 silly placeDep ROOT @unrs/resolver-binding-linux-arm64-gnu@1.11.1 OK for: unrs-resolver@1.11.1 want: 1.11.1
1013 silly placeDep ROOT @unrs/resolver-binding-linux-arm64-musl@1.11.1 OK for: unrs-resolver@1.11.1 want: 1.11.1
1014 silly placeDep ROOT @unrs/resolver-binding-linux-ppc64-gnu@1.11.1 OK for: unrs-resolver@1.11.1 want: 1.11.1
1015 silly placeDep ROOT @unrs/resolver-binding-linux-riscv64-gnu@1.11.1 OK for: unrs-resolver@1.11.1 want: 1.11.1
1016 silly placeDep ROOT @unrs/resolver-binding-linux-riscv64-musl@1.11.1 OK for: unrs-resolver@1.11.1 want: 1.11.1
1017 silly placeDep ROOT @unrs/resolver-binding-linux-s390x-gnu@1.11.1 OK for: unrs-resolver@1.11.1 want: 1.11.1
1018 silly placeDep ROOT @unrs/resolver-binding-linux-x64-gnu@1.11.1 OK for: unrs-resolver@1.11.1 want: 1.11.1
1019 silly placeDep ROOT @unrs/resolver-binding-linux-x64-musl@1.11.1 OK for: unrs-resolver@1.11.1 want: 1.11.1
1020 silly placeDep ROOT @unrs/resolver-binding-wasm32-wasi@1.11.1 OK for: unrs-resolver@1.11.1 want: 1.11.1
1021 silly placeDep ROOT @unrs/resolver-binding-win32-arm64-msvc@1.11.1 OK for: unrs-resolver@1.11.1 want: 1.11.1
1022 silly placeDep ROOT @unrs/resolver-binding-win32-ia32-msvc@1.11.1 OK for: unrs-resolver@1.11.1 want: 1.11.1
1023 silly placeDep ROOT @unrs/resolver-binding-win32-x64-msvc@1.11.1 OK for: unrs-resolver@1.11.1 want: 1.11.1
1024 silly placeDep ROOT napi-postinstall@0.3.4 OK for: unrs-resolver@1.11.1 want: ^0.3.0
1025 silly fetch manifest @napi-rs/wasm-runtime@^0.2.11
1026 silly packumentCache full:https://registry.npmjs.org/@napi-rs%2fwasm-runtime cache-miss
1027 http fetch GET 200 https://registry.npmjs.org/@napi-rs%2fwasm-runtime 103ms (cache miss)
1028 silly packumentCache full:https://registry.npmjs.org/@napi-rs%2fwasm-runtime set size:undefined disposed:false
1029 silly placeDep ROOT @napi-rs/wasm-runtime@0.2.12 OK for: @unrs/resolver-binding-wasm32-wasi@1.11.1 want: ^0.2.11
1030 silly fetch manifest @emnapi/core@^1.4.3
1031 silly packumentCache full:https://registry.npmjs.org/@emnapi%2fcore cache-miss
1032 silly fetch manifest @emnapi/runtime@^1.4.3
1033 silly packumentCache full:https://registry.npmjs.org/@emnapi%2fruntime cache-miss
1034 silly fetch manifest @tybys/wasm-util@^0.10.0
1035 silly packumentCache full:https://registry.npmjs.org/@tybys%2fwasm-util cache-miss
1036 http fetch GET 200 https://registry.npmjs.org/@emnapi%2fcore 81ms (cache miss)
1037 silly packumentCache full:https://registry.npmjs.org/@emnapi%2fcore set size:undefined disposed:false
1038 http fetch GET 200 https://registry.npmjs.org/@emnapi%2fruntime 82ms (cache miss)
1039 silly packumentCache full:https://registry.npmjs.org/@emnapi%2fruntime set size:undefined disposed:false
1040 http fetch GET 200 https://registry.npmjs.org/@tybys%2fwasm-util 87ms (cache miss)
1041 silly packumentCache full:https://registry.npmjs.org/@tybys%2fwasm-util set size:undefined disposed:false
1042 silly placeDep ROOT @emnapi/core@1.7.1 OK for: @napi-rs/wasm-runtime@0.2.12 want: ^1.4.3
1043 silly placeDep ROOT @emnapi/runtime@1.7.1 OK for: @napi-rs/wasm-runtime@0.2.12 want: ^1.4.3
1044 silly placeDep ROOT @tybys/wasm-util@0.10.1 OK for: @napi-rs/wasm-runtime@0.2.12 want: ^0.10.0
1045 silly fetch manifest @emnapi/wasi-threads@1.1.0
1046 silly packumentCache full:https://registry.npmjs.org/@emnapi%2fwasi-threads cache-miss
1047 http fetch GET 200 https://registry.npmjs.org/@emnapi%2fwasi-threads 60ms (cache miss)
1048 silly packumentCache full:https://registry.npmjs.org/@emnapi%2fwasi-threads set size:undefined disposed:false
1049 silly placeDep ROOT @emnapi/wasi-threads@1.1.0 OK for: @emnapi/core@1.7.1 want: 1.1.0
1050 silly placeDep ROOT is-bigint@1.1.0 OK for: which-boxed-primitive@1.1.1 want: ^1.1.0
1051 silly placeDep ROOT is-boolean-object@1.2.2 OK for: which-boxed-primitive@1.1.1 want: ^1.2.1
1052 silly placeDep ROOT is-number-object@1.1.1 OK for: which-boxed-primitive@1.1.1 want: ^1.1.1
1053 silly placeDep ROOT is-async-function@2.1.1 OK for: which-builtin-type@1.2.1 want: ^2.0.0
1054 silly placeDep ROOT is-finalizationregistry@1.1.1 OK for: which-builtin-type@1.2.1 want: ^1.1.0
1055 silly placeDep ROOT is-generator-function@1.1.2 OK for: which-builtin-type@1.2.1 want: ^1.0.10
1056 silly placeDep ROOT which-collection@1.0.2 OK for: which-builtin-type@1.2.1 want: ^1.0.2
1057 silly fetch manifest async-function@^1.0.0
1058 silly packumentCache full:https://registry.npmjs.org/async-function cache-miss
1059 silly fetch manifest generator-function@^2.0.0
1060 silly packumentCache full:https://registry.npmjs.org/generator-function cache-miss
1061 silly fetch manifest is-map@^2.0.3
1062 silly packumentCache full:https://registry.npmjs.org/is-map cache-miss
1063 http fetch GET 200 https://registry.npmjs.org/generator-function 58ms (cache miss)
1064 silly packumentCache full:https://registry.npmjs.org/generator-function set size:undefined disposed:false
1065 silly fetch manifest is-weakmap@^2.0.2
1066 silly packumentCache full:https://registry.npmjs.org/is-weakmap cache-miss
1067 http fetch GET 200 https://registry.npmjs.org/is-map 64ms (cache miss)
1068 silly packumentCache full:https://registry.npmjs.org/is-map set size:undefined disposed:false
1069 silly fetch manifest is-weakset@^2.0.3
1070 silly packumentCache full:https://registry.npmjs.org/is-weakset cache-miss
1071 http fetch GET 200 https://registry.npmjs.org/async-function 69ms (cache miss)
1072 silly packumentCache full:https://registry.npmjs.org/async-function set size:undefined disposed:false
1073 http fetch GET 200 https://registry.npmjs.org/is-weakmap 42ms (cache miss)
1074 silly packumentCache full:https://registry.npmjs.org/is-weakmap set size:undefined disposed:false
1075 http fetch GET 200 https://registry.npmjs.org/is-weakset 54ms (cache miss)
1076 silly packumentCache full:https://registry.npmjs.org/is-weakset set size:undefined disposed:false
1077 silly placeDep ROOT async-function@1.0.0 OK for: is-async-function@2.1.1 want: ^1.0.0
1078 silly placeDep ROOT generator-function@2.0.1 OK for: is-generator-function@1.1.2 want: ^2.0.0
1079 silly placeDep ROOT is-map@2.0.3 OK for: which-collection@1.0.2 want: ^2.0.3
1080 silly placeDep ROOT is-weakmap@2.0.2 OK for: which-collection@1.0.2 want: ^2.0.2
1081 silly placeDep ROOT is-weakset@2.0.4 OK for: which-collection@1.0.2 want: ^2.0.3
1082 silly placeDep ROOT foreground-child@3.3.1 OK for: glob@10.3.10 want: ^3.1.0
1083 silly placeDep ROOT jackspeak@2.3.6 OK for: glob@10.3.10 want: ^2.3.5
1084 silly placeDep node_modules/@next/eslint-plugin-next minimatch@9.0.5 OK for: glob@10.3.10 want: ^9.0.1
1085 silly placeDep ROOT minipass@7.1.2 OK for: glob@10.3.10 want: ^5.0.0 || ^6.0.2 || ^7.0.0
1086 silly placeDep ROOT path-scurry@1.11.1 OK for: glob@10.3.10 want: ^1.10.1
1087 silly fetch manifest signal-exit@^4.0.1
1088 silly packumentCache full:https://registry.npmjs.org/signal-exit cache-miss
1089 silly fetch manifest @isaacs/cliui@^8.0.2
1090 silly packumentCache full:https://registry.npmjs.org/@isaacs%2fcliui cache-miss
1091 silly fetch manifest @pkgjs/parseargs@^0.11.0
1092 silly packumentCache full:https://registry.npmjs.org/@pkgjs%2fparseargs cache-miss
1093 http fetch GET 200 https://registry.npmjs.org/signal-exit 49ms (cache miss)
1094 silly packumentCache full:https://registry.npmjs.org/signal-exit set size:undefined disposed:false
1095 silly fetch manifest lru-cache@^10.2.0
1096 silly packumentCache full:https://registry.npmjs.org/lru-cache cache-miss
1097 http fetch GET 200 https://registry.npmjs.org/@isaacs%2fcliui 62ms (cache miss)
1098 silly packumentCache full:https://registry.npmjs.org/@isaacs%2fcliui set size:undefined disposed:false
1099 http fetch GET 200 https://registry.npmjs.org/@pkgjs%2fparseargs 64ms (cache miss)
1100 silly packumentCache full:https://registry.npmjs.org/@pkgjs%2fparseargs set size:undefined disposed:false
1101 http fetch GET 200 https://registry.npmjs.org/lru-cache 62ms (cache miss)
1102 silly packumentCache full:https://registry.npmjs.org/lru-cache set size:undefined disposed:false
1103 silly placeDep ROOT signal-exit@4.1.0 OK for: foreground-child@3.3.1 want: ^4.0.1
1104 silly placeDep ROOT @isaacs/cliui@8.0.2 OK for: jackspeak@2.3.6 want: ^8.0.2
1105 silly placeDep ROOT @pkgjs/parseargs@0.11.0 OK for: jackspeak@2.3.6 want: ^0.11.0
1106 silly fetch manifest string-width@^5.1.2
1107 silly packumentCache full:https://registry.npmjs.org/string-width cache-miss
1108 silly fetch manifest string-width-cjs@npm:string-width@^4.2.0
1109 silly packumentCache full:https://registry.npmjs.org/string-width cache-miss
1110 silly fetch manifest strip-ansi@^7.0.1
1111 silly packumentCache full:https://registry.npmjs.org/strip-ansi cache-miss
1112 http cache https://registry.npmjs.org/strip-ansi 12ms (cache hit)
1113 silly packumentCache full:https://registry.npmjs.org/strip-ansi set size:41855 disposed:false
1114 silly fetch manifest strip-ansi-cjs@npm:strip-ansi@^6.0.1
1115 silly packumentCache full:https://registry.npmjs.org/strip-ansi cache-hit
1116 silly fetch manifest wrap-ansi@^8.1.0
1117 silly packumentCache full:https://registry.npmjs.org/wrap-ansi cache-miss
1118 http fetch GET 200 https://registry.npmjs.org/string-width 57ms (cache miss)
1119 silly packumentCache full:https://registry.npmjs.org/string-width set size:undefined disposed:false
1120 silly fetch manifest wrap-ansi-cjs@npm:wrap-ansi@^7.0.0
1121 silly packumentCache full:https://registry.npmjs.org/wrap-ansi cache-miss
1122 http fetch GET 200 https://registry.npmjs.org/string-width 63ms (cache miss)
1123 silly packumentCache full:https://registry.npmjs.org/string-width set size:undefined disposed:false
1124 http fetch GET 200 https://registry.npmjs.org/wrap-ansi 50ms (cache miss)
1125 silly packumentCache full:https://registry.npmjs.org/wrap-ansi set size:undefined disposed:false
1126 http fetch GET 200 https://registry.npmjs.org/wrap-ansi 45ms (cache miss)
1127 silly packumentCache full:https://registry.npmjs.org/wrap-ansi set size:undefined disposed:false
1128 silly placeDep ROOT string-width@5.1.2 OK for: @isaacs/cliui@8.0.2 want: ^5.1.2
1129 silly placeDep ROOT string-width-cjs@4.2.3 OK for: @isaacs/cliui@8.0.2 want: npm:string-width@^4.2.0
1130 silly placeDep node_modules/@isaacs/cliui strip-ansi@7.1.2 OK for: @isaacs/cliui@8.0.2 want: ^7.0.1
1131 silly placeDep ROOT strip-ansi-cjs@6.0.1 OK for: @isaacs/cliui@8.0.2 want: npm:strip-ansi@^6.0.1
1132 silly placeDep ROOT wrap-ansi@8.1.0 OK for: @isaacs/cliui@8.0.2 want: ^8.1.0
1133 silly placeDep ROOT wrap-ansi-cjs@7.0.0 OK for: @isaacs/cliui@8.0.2 want: npm:wrap-ansi@^7.0.0
1134 silly fetch manifest eastasianwidth@^0.2.0
1135 silly packumentCache full:https://registry.npmjs.org/eastasianwidth cache-miss
1136 silly fetch manifest emoji-regex@^8.0.0
1137 silly packumentCache full:https://registry.npmjs.org/emoji-regex cache-miss
1138 silly fetch manifest is-fullwidth-code-point@^3.0.0
1139 silly packumentCache full:https://registry.npmjs.org/is-fullwidth-code-point cache-miss
1140 http cache https://registry.npmjs.org/emoji-regex 6ms (cache hit)
1141 silly packumentCache full:https://registry.npmjs.org/emoji-regex set size:89088 disposed:false
1142 silly fetch manifest ansi-regex@^6.0.1
1143 silly packumentCache full:https://registry.npmjs.org/ansi-regex cache-miss
1144 http cache https://registry.npmjs.org/ansi-regex 4ms (cache hit)
1145 silly packumentCache full:https://registry.npmjs.org/ansi-regex set size:43572 disposed:false
1146 silly fetch manifest ansi-styles@^6.1.0
1147 silly packumentCache full:https://registry.npmjs.org/ansi-styles cache-miss
1148 http fetch GET 200 https://registry.npmjs.org/is-fullwidth-code-point 39ms (cache miss)
1149 silly packumentCache full:https://registry.npmjs.org/is-fullwidth-code-point set size:undefined disposed:false
1150 silly fetch manifest string-width@^4.1.0
1151 silly packumentCache full:https://registry.npmjs.org/string-width cache-miss
1152 http cache https://registry.npmjs.org/string-width 13ms (cache hit)
1153 silly packumentCache full:https://registry.npmjs.org/string-width set size:64158 disposed:false
1154 http fetch GET 200 https://registry.npmjs.org/eastasianwidth 66ms (cache miss)
1155 silly packumentCache full:https://registry.npmjs.org/eastasianwidth set size:undefined disposed:false
1156 http fetch GET 200 https://registry.npmjs.org/ansi-styles 55ms (cache revalidated)
1157 silly packumentCache full:https://registry.npmjs.org/ansi-styles set size:63233 disposed:false
1158 silly placeDep ROOT lru-cache@10.4.3 OK for: path-scurry@1.11.1 want: ^10.2.0
1159 silly placeDep ROOT eastasianwidth@0.2.0 OK for: string-width@5.1.2 want: ^0.2.0
1160 silly placeDep node_modules/string-width strip-ansi@7.1.2 OK for: string-width@5.1.2 want: ^7.0.1
1161 silly placeDep node_modules/string-width-cjs emoji-regex@8.0.0 OK for: string-width@4.2.3 want: ^8.0.0
1162 silly placeDep ROOT is-fullwidth-code-point@3.0.0 OK for: string-width@4.2.3 want: ^3.0.0
1163 silly placeDep node_modules/wrap-ansi ansi-styles@6.2.3 OK for: wrap-ansi@8.1.0 want: ^6.1.0
1164 silly placeDep node_modules/wrap-ansi strip-ansi@7.1.2 OK for: wrap-ansi@8.1.0 want: ^7.0.1
1165 silly placeDep node_modules/wrap-ansi-cjs string-width@4.2.3 OK for: wrap-ansi@7.0.0 want: ^4.1.0
1166 silly placeDep node_modules/@isaacs/cliui ansi-regex@6.2.2 OK for: strip-ansi@7.1.2 want: ^6.0.1
1167 silly placeDep node_modules/@next/eslint-plugin-next brace-expansion@2.0.2 OK for: minimatch@9.0.5 want: ^2.0.1
1168 silly placeDep node_modules/@typescript-eslint/typescript-estree brace-expansion@2.0.2 OK for: minimatch@9.0.3 want: ^2.0.1
1169 silly placeDep node_modules/string-width ansi-regex@6.2.2 OK for: strip-ansi@7.1.2 want: ^6.0.1
1170 silly placeDep node_modules/wrap-ansi-cjs emoji-regex@8.0.0 OK for: string-width@4.2.3 want: ^8.0.0
1171 silly placeDep node_modules/wrap-ansi ansi-regex@6.2.2 OK for: strip-ansi@7.1.2 want: ^6.0.1
1172 silly reify moves {}
1173 silly audit bulk request {
1173 silly audit   '@alloc/quick-lru': [ '5.2.0' ],
1173 silly audit   '@emotion/is-prop-valid': [ '0.8.8' ],
1173 silly audit   '@emotion/memoize': [ '0.7.4' ],
1173 silly audit   '@eslint-community/eslint-utils': [ '4.9.0' ],
1173 silly audit   '@eslint-community/regexpp': [ '4.12.2' ],
1173 silly audit   '@eslint/eslintrc': [ '2.1.4' ],
1173 silly audit   '@eslint/js': [ '8.57.0' ],
1173 silly audit   '@humanwhocodes/config-array': [ '0.11.14' ],
1173 silly audit   '@humanwhocodes/module-importer': [ '1.0.1' ],
1173 silly audit   '@humanwhocodes/object-schema': [ '2.0.3' ],
1173 silly audit   '@jridgewell/gen-mapping': [ '0.3.13' ],
1173 silly audit   '@jridgewell/resolve-uri': [ '3.1.2' ],
1173 silly audit   '@jridgewell/sourcemap-codec': [ '1.5.5' ],
1173 silly audit   '@jridgewell/trace-mapping': [ '0.3.31' ],
1173 silly audit   '@next/env': [ '14.1.0' ],
1173 silly audit   '@next/swc-darwin-arm64': [ '14.1.0' ],
1173 silly audit   '@next/swc-darwin-x64': [ '14.1.0' ],
1173 silly audit   '@next/swc-linux-arm64-gnu': [ '14.1.0' ],
1173 silly audit   '@next/swc-linux-arm64-musl': [ '14.1.0' ],
1173 silly audit   '@next/swc-linux-x64-gnu': [ '14.1.0' ],
1173 silly audit   '@next/swc-linux-x64-musl': [ '14.1.0' ],
1173 silly audit   '@next/swc-win32-arm64-msvc': [ '14.1.0' ],
1173 silly audit   '@next/swc-win32-ia32-msvc': [ '14.1.0' ],
1173 silly audit   '@next/swc-win32-x64-msvc': [ '14.1.0' ],
1173 silly audit   '@nodelib/fs.scandir': [ '2.1.5' ],
1173 silly audit   '@nodelib/fs.stat': [ '2.0.5' ],
1173 silly audit   '@nodelib/fs.walk': [ '1.2.8' ],
1173 silly audit   '@swc/helpers': [ '0.5.2' ],
1173 silly audit   '@ungap/structured-clone': [ '1.3.0' ],
1173 silly audit   acorn: [ '8.15.0' ],
1173 silly audit   'acorn-jsx': [ '5.3.2' ],
1173 silly audit   ajv: [ '6.12.6' ],
1173 silly audit   'ansi-regex': [ '5.0.1', '6.2.2' ],
1173 silly audit   'ansi-styles': [ '4.3.0', '6.2.3' ],
1173 silly audit   'any-promise': [ '1.3.0' ],
1173 silly audit   anymatch: [ '3.1.3' ],
1173 silly audit   arg: [ '5.0.2' ],
1173 silly audit   argparse: [ '2.0.1' ],
1173 silly audit   autoprefixer: [ '10.4.16' ],
1173 silly audit   'balanced-match': [ '1.0.2' ],
1173 silly audit   'baseline-browser-mapping': [ '2.9.5' ],
1173 silly audit   'binary-extensions': [ '2.3.0' ],
1173 silly audit   'brace-expansion': [ '1.1.12', '2.0.2' ],
1173 silly audit   braces: [ '3.0.3' ],
1173 silly audit   browserslist: [ '4.28.1' ],
1173 silly audit   busboy: [ '1.6.0' ],
1173 silly audit   callsites: [ '3.1.0' ],
1173 silly audit   'camelcase-css': [ '2.0.1' ],
1173 silly audit   'caniuse-lite': [ '1.0.30001759' ],
1173 silly audit   chalk: [ '4.1.2' ],
1173 silly audit   chokidar: [ '3.6.0' ],
1173 silly audit   'glob-parent': [ '5.1.2', '6.0.2' ],
1173 silly audit   'client-only': [ '0.0.1' ],
1173 silly audit   'color-convert': [ '2.0.1' ],
1173 silly audit   'color-name': [ '1.1.4' ],
1173 silly audit   commander: [ '4.1.1' ],
1173 silly audit   'concat-map': [ '0.0.1' ],
1173 silly audit   'cross-spawn': [ '7.0.6' ],
1173 silly audit   cssesc: [ '3.0.0' ],
1173 silly audit   debug: [ '4.4.3', '3.2.7' ],
1173 silly audit   'deep-is': [ '0.1.4' ],
1173 silly audit   didyoumean: [ '1.2.2' ],
1173 silly audit   dlv: [ '1.1.3' ],
1173 silly audit   doctrine: [ '3.0.0', '2.1.0' ],
1173 silly audit   'electron-to-chromium': [ '1.5.267' ],
1173 silly audit   escalade: [ '3.2.0' ],
1173 silly audit   'escape-string-regexp': [ '4.0.0' ],
1173 silly audit   eslint: [ '8.57.0' ],
1173 silly audit   'eslint-scope': [ '7.2.2' ],
1173 silly audit   'eslint-visitor-keys': [ '3.4.3' ],
1173 silly audit   espree: [ '9.6.1' ],
1173 silly audit   esquery: [ '1.6.0' ],
1173 silly audit   esrecurse: [ '4.3.0' ],
1173 silly audit   estraverse: [ '5.3.0' ],
1173 silly audit   esutils: [ '2.0.3' ],
1173 silly audit   'fast-deep-equal': [ '3.1.3' ],
1173 silly audit   'fast-glob': [ '3.3.3' ],
1173 silly audit   'fast-json-stable-stringify': [ '2.1.0' ],
1173 silly audit   'fast-levenshtein': [ '2.0.6' ],
1173 silly audit   fastq: [ '1.19.1' ],
1173 silly audit   'file-entry-cache': [ '6.0.1' ],
1173 silly audit   'fill-range': [ '7.1.1' ],
1173 silly audit   'find-up': [ '5.0.0' ],
1173 silly audit   'flat-cache': [ '3.2.0' ],
1173 silly audit   flatted: [ '3.3.3' ],
1173 silly audit   'fraction.js': [ '4.3.7' ],
1173 silly audit   'framer-motion': [ '11.0.3' ],
1173 silly audit   'fs.realpath': [ '1.0.0' ],
1173 silly audit   fsevents: [ '2.3.3' ],
1173 silly audit   'function-bind': [ '1.1.2' ],
1173 silly audit   glob: [ '7.2.3', '10.3.10' ],
1173 silly audit   globals: [ '13.24.0' ],
1173 silly audit   'graceful-fs': [ '4.2.11' ],
1173 silly audit   graphemer: [ '1.4.0' ],
1173 silly audit   'has-flag': [ '4.0.0' ],
1173 silly audit   hasown: [ '2.0.2' ],
1173 silly audit   ignore: [ '5.3.2' ],
1173 silly audit   'import-fresh': [ '3.3.1' ],
1173 silly audit   imurmurhash: [ '0.1.4' ],
1173 silly audit   inflight: [ '1.0.6' ],
1173 silly audit   inherits: [ '2.0.4' ],
1173 silly audit   'is-binary-path': [ '2.1.0' ],
1173 silly audit   'is-core-module': [ '2.16.1' ],
1173 silly audit   'is-extglob': [ '2.1.1' ],
1173 silly audit   'is-glob': [ '4.0.3' ],
1173 silly audit   'is-number': [ '7.0.0' ],
1173 silly audit   'is-path-inside': [ '3.0.3' ],
1173 silly audit   isexe: [ '2.0.0' ],
1173 silly audit   jiti: [ '1.21.7' ],
1173 silly audit   'js-tokens': [ '4.0.0' ],
1173 silly audit   'js-yaml': [ '4.1.1' ],
1173 silly audit   'json-buffer': [ '3.0.1' ],
1173 silly audit   'json-schema-traverse': [ '0.4.1' ],
1173 silly audit   'json-stable-stringify-without-jsonify': [ '1.0.1' ],
1173 silly audit   keyv: [ '4.5.4' ],
1173 silly audit   levn: [ '0.4.1' ],
1173 silly audit   lilconfig: [ '2.1.0', '3.1.3' ],
1173 silly audit   'lines-and-columns': [ '1.2.4' ],
1173 silly audit   'locate-path': [ '6.0.0' ],
1173 silly audit   'lodash.merge': [ '4.6.2' ],
1173 silly audit   'loose-envify': [ '1.4.0' ],
1173 silly audit   merge2: [ '1.4.1' ],
1173 silly audit   micromatch: [ '4.0.8' ],
1173 silly audit   minimatch: [ '3.1.2', '9.0.3', '9.0.5' ],
1173 silly audit   ms: [ '2.1.3' ],
1173 silly audit   mz: [ '2.7.0' ],
1173 silly audit   nanoid: [ '3.3.11' ],
1173 silly audit   'natural-compare': [ '1.4.0' ],
1173 silly audit   next: [ '14.1.0' ],
1173 silly audit   postcss: [ '8.4.31', '8.4.33' ],
1173 silly audit   'node-releases': [ '2.0.27' ],
1173 silly audit   'normalize-path': [ '3.0.0' ],
1173 silly audit   'normalize-range': [ '0.1.2' ],
1173 silly audit   'object-assign': [ '4.1.1' ],
1173 silly audit   'object-hash': [ '3.0.0' ],
1173 silly audit   once: [ '1.4.0' ],
1173 silly audit   optionator: [ '0.9.4' ],
1173 silly audit   'p-limit': [ '3.1.0' ],
1173 silly audit   'p-locate': [ '5.0.0' ],
1173 silly audit   'parent-module': [ '1.0.1' ],
1173 silly audit   'path-exists': [ '4.0.0' ],
1173 silly audit   'path-is-absolute': [ '1.0.1' ],
1173 silly audit   'path-key': [ '3.1.1' ],
1173 silly audit   'path-parse': [ '1.0.7' ],
1173 silly audit   picocolors: [ '1.1.1' ],
1173 silly audit   picomatch: [ '2.3.1', '4.0.3' ],
1173 silly audit   pify: [ '2.3.0' ],
1173 silly audit   pirates: [ '4.0.7' ],
1173 silly audit   'postcss-import': [ '15.1.0' ],
1173 silly audit   'postcss-js': [ '4.1.0' ],
1173 silly audit   'postcss-nested': [ '6.2.0' ],
1173 silly audit   'postcss-selector-parser': [ '6.1.2' ],
1173 silly audit   'postcss-value-parser': [ '4.2.0' ],
1173 silly audit   'prelude-ls': [ '1.2.1' ],
1173 silly audit   punycode: [ '2.3.1' ],
1173 silly audit   'queue-microtask': [ '1.2.3' ],
1173 silly audit   react: [ '18.2.0' ],
1173 silly audit   'react-dom': [ '18.2.0' ],
1173 silly audit   'read-cache': [ '1.0.0' ],
1173 silly audit   readdirp: [ '3.6.0' ],
1173 silly audit   resolve: [ '1.22.11', '2.0.0-next.5' ],
1173 silly audit   'resolve-from': [ '4.0.0' ],
1173 silly audit   reusify: [ '1.1.0' ],
1173 silly audit   rimraf: [ '3.0.2' ],
1173 silly audit   'run-parallel': [ '1.2.0' ],
1173 silly audit   scheduler: [ '0.23.2' ],
1173 silly audit   'shebang-command': [ '2.0.0' ],
1173 silly audit   'shebang-regex': [ '3.0.0' ],
1173 silly audit   'source-map-js': [ '1.2.1' ],
1173 silly audit   streamsearch: [ '1.1.0' ],
1173 silly audit   'strip-ansi': [ '6.0.1', '7.1.2' ],
1173 silly audit   'strip-json-comments': [ '3.1.1' ],
1173 silly audit   'styled-jsx': [ '5.1.1' ],
1173 silly audit   sucrase: [ '3.35.1' ],
1173 silly audit   'supports-color': [ '7.2.0' ],
1173 silly audit   'supports-preserve-symlinks-flag': [ '1.0.0' ],
1173 silly audit   tailwindcss: [ '3.4.1' ],
1173 silly audit   'postcss-load-config': [ '4.0.2' ],
1173 silly audit   'text-table': [ '0.2.0' ],
1173 silly audit   thenify: [ '3.3.1' ],
1173 silly audit   'thenify-all': [ '1.6.0' ],
1173 silly audit   tinyglobby: [ '0.2.15' ],
1173 silly audit   fdir: [ '6.5.0' ],
1173 silly audit   'to-regex-range': [ '5.0.1' ],
1173 silly audit   'ts-interface-checker': [ '0.1.13' ],
1173 silly audit   tslib: [ '2.8.1' ],
1173 silly audit   'type-check': [ '0.4.0' ],
1173 silly audit   'type-fest': [ '0.20.2' ],
1173 silly audit   'update-browserslist-db': [ '1.2.2' ],
1173 silly audit   'uri-js': [ '4.4.1' ],
1173 silly audit   'util-deprecate': [ '1.0.2' ],
1173 silly audit   which: [ '2.0.2' ],
1173 silly audit   'word-wrap': [ '1.2.5' ],
1173 silly audit   wrappy: [ '1.0.2' ],
1173 silly audit   yaml: [ '2.8.2' ],
1173 silly audit   'yocto-queue': [ '0.1.0' ],
1173 silly audit   'eslint-config-next': [ '14.1.0' ],
1173 silly audit   '@next/eslint-plugin-next': [ '14.1.0' ],
1173 silly audit   '@rushstack/eslint-patch': [ '1.15.0' ],
1173 silly audit   '@typescript-eslint/parser': [ '6.21.0' ],
1173 silly audit   'eslint-import-resolver-node': [ '0.3.9' ],
1173 silly audit   'eslint-import-resolver-typescript': [ '3.10.1' ],
1173 silly audit   'eslint-plugin-import': [ '2.32.0' ],
1173 silly audit   'eslint-plugin-jsx-a11y': [ '6.10.2' ],
1173 silly audit   'eslint-plugin-react': [ '7.37.5' ],
1173 silly audit   'eslint-plugin-react-hooks': [ '5.0.0-canary-7118f5dd7-20230705' ],
1173 silly audit   '@typescript-eslint/scope-manager': [ '6.21.0' ],
1173 silly audit   '@typescript-eslint/types': [ '6.21.0' ],
1173 silly audit   '@typescript-eslint/typescript-estree': [ '6.21.0' ],
1173 silly audit   '@typescript-eslint/visitor-keys': [ '6.21.0' ],
1173 silly audit   globby: [ '11.1.0' ],
1173 silly audit   semver: [ '7.7.3', '6.3.1' ],
1173 silly audit   'ts-api-utils': [ '1.4.3' ],
1173 silly audit   typescript: [ '5.9.3' ],
1173 silly audit   '@nolyfill/is-core-module': [ '1.0.39' ],
1173 silly audit   'get-tsconfig': [ '4.13.0' ],
1173 silly audit   'is-bun-module': [ '2.0.0' ],
1173 silly audit   'stable-hash': [ '0.0.5' ],
1173 silly audit   'unrs-resolver': [ '1.11.1' ],
1173 silly audit   '@rtsao/scc': [ '1.1.0' ],
1173 silly audit   'array-includes': [ '3.1.9' ],
1173 silly audit   'array.prototype.findlastindex': [ '1.2.6' ],
1173 silly audit   'array.prototype.flat': [ '1.3.3' ],
1173 silly audit   'array.prototype.flatmap': [ '1.3.3' ],
1173 silly audit   'eslint-module-utils': [ '2.12.1' ],
1173 silly audit   'object.fromentries': [ '2.0.8' ],
1173 silly audit   'object.groupby': [ '1.0.3' ],
1173 silly audit   'object.values': [ '1.2.1' ],
1173 silly audit   'string.prototype.trimend': [ '1.0.9' ],
1173 silly audit   'tsconfig-paths': [ '3.15.0' ],
1173 silly audit   'call-bind': [ '1.0.8' ],
1173 silly audit   'call-bound': [ '1.0.4' ],
1173 silly audit   'define-properties': [ '1.2.1' ],
1173 silly audit   'es-abstract': [ '1.24.1' ],
1173 silly audit   'es-object-atoms': [ '1.1.1' ],
1173 silly audit   'get-intrinsic': [ '1.3.0' ],
1173 silly audit   'is-string': [ '1.1.1' ],
1173 silly audit   'math-intrinsics': [ '1.1.0' ],
1173 silly audit   'es-errors': [ '1.3.0' ],
1173 silly audit   'es-shim-unscopables': [ '1.1.0' ],
1173 silly audit   'call-bind-apply-helpers': [ '1.0.2' ],
1173 silly audit   'es-define-property': [ '1.0.1' ],
1173 silly audit   'set-function-length': [ '1.2.2' ],
1173 silly audit   'define-data-property': [ '1.1.4' ],
1173 silly audit   'has-property-descriptors': [ '1.0.2' ],
1173 silly audit   'object-keys': [ '1.1.1' ],
1173 silly audit   gopd: [ '1.2.0' ],
1173 silly audit   'array-buffer-byte-length': [ '1.0.2' ],
1173 silly audit   'arraybuffer.prototype.slice': [ '1.0.4' ],
1173 silly audit   'available-typed-arrays': [ '1.0.7' ],
1173 silly audit   'data-view-buffer': [ '1.0.2' ],
1173 silly audit   'data-view-byte-length': [ '1.0.2' ],
1173 silly audit   'data-view-byte-offset': [ '1.0.1' ],
1173 silly audit   'es-set-tostringtag': [ '2.1.0' ],
1173 silly audit   'es-to-primitive': [ '1.3.0' ],
1173 silly audit   'function.prototype.name': [ '1.1.8' ],
1173 silly audit   'get-proto': [ '1.0.1' ],
1173 silly audit   'get-symbol-description': [ '1.1.0' ],
1173 silly audit   globalthis: [ '1.0.4' ],
1173 silly audit   'has-proto': [ '1.2.0' ],
1173 silly audit   'has-symbols': [ '1.1.0' ],
1173 silly audit   'internal-slot': [ '1.1.0' ],
1173 silly audit   'is-array-buffer': [ '3.0.5' ],
1173 silly audit   'is-callable': [ '1.2.7' ],
1173 silly audit   'is-data-view': [ '1.0.2' ],
1173 silly audit   'is-negative-zero': [ '2.0.3' ],
1173 silly audit   'is-regex': [ '1.2.1' ],
1173 silly audit   'is-set': [ '2.0.3' ],
1173 silly audit   'is-shared-array-buffer': [ '1.0.4' ],
1173 silly audit   'is-typed-array': [ '1.1.15' ],
1173 silly audit   'is-weakref': [ '1.1.1' ],
1173 silly audit   'object-inspect': [ '1.13.4' ],
1173 silly audit   'object.assign': [ '4.1.7' ],
1173 silly audit   'own-keys': [ '1.0.1' ],
1173 silly audit   'regexp.prototype.flags': [ '1.5.4' ],
1173 silly audit   'safe-array-concat': [ '1.1.3' ],
1173 silly audit   'safe-push-apply': [ '1.0.0' ],
1173 silly audit   'safe-regex-test': [ '1.1.0' ],
1173 silly audit   'set-proto': [ '1.0.0' ],
1173 silly audit   'stop-iteration-iterator': [ '1.1.0' ],
1173 silly audit   'string.prototype.trim': [ '1.2.10' ],
1173 silly audit   'string.prototype.trimstart': [ '1.0.8' ],
1173 silly audit   'typed-array-buffer': [ '1.0.3' ],
1173 silly audit   'typed-array-byte-length': [ '1.0.3' ],
1173 silly audit   'typed-array-byte-offset': [ '1.0.4' ],
1173 silly audit   'typed-array-length': [ '1.0.7' ],
1173 silly audit   'unbox-primitive': [ '1.1.0' ],
1173 silly audit   'which-typed-array': [ '1.1.19' ],
1173 silly audit   'possible-typed-array-names': [ '1.1.0' ],
1173 silly audit   'has-tostringtag': [ '1.0.2' ],
1173 silly audit   'is-date-object': [ '1.1.0' ],
1173 silly audit   'is-symbol': [ '1.1.1' ],
1173 silly audit   'aria-query': [ '5.3.2' ],
1173 silly audit   'ast-types-flow': [ '0.0.8' ],
1173 silly audit   'axe-core': [ '4.11.0' ],
1173 silly audit   'axobject-query': [ '4.1.0' ],
1173 silly audit   'damerau-levenshtein': [ '1.0.8' ],
1173 silly audit   'emoji-regex': [ '9.2.2', '8.0.0' ],
1173 silly audit   'jsx-ast-utils': [ '3.3.5' ],
1173 silly audit   'language-tags': [ '1.0.9' ],
1173 silly audit   'string.prototype.includes': [ '2.0.1' ],
1173 silly audit   'array.prototype.findlast': [ '1.2.5' ],
1173 silly audit   'array.prototype.tosorted': [ '1.1.4' ],
1173 silly audit   'es-iterator-helpers': [ '1.2.2' ],
1173 silly audit   'object.entries': [ '1.1.9' ],
1173 silly audit   'prop-types': [ '15.8.1' ],
1173 silly audit   'string.prototype.matchall': [ '4.0.12' ],
1173 silly audit   'string.prototype.repeat': [ '1.0.0' ],
1173 silly audit   'iterator.prototype': [ '1.1.5' ],
1173 silly audit   'functions-have-names': [ '1.2.3' ],
1173 silly audit   'dunder-proto': [ '1.0.1' ],
1173 silly audit   'resolve-pkg-maps': [ '1.0.0' ],
1173 silly audit   'array-union': [ '2.1.0' ],
1173 silly audit   'dir-glob': [ '3.0.1' ],
1173 silly audit   slash: [ '3.0.0' ],
1173 silly audit   'path-type': [ '4.0.0' ],
1173 silly audit   'side-channel': [ '1.1.0' ],
1173 silly audit   'set-function-name': [ '2.0.2' ],
1173 silly audit   'language-subtag-registry': [ '0.3.23' ],
1173 silly audit   'react-is': [ '16.13.1' ],
1173 silly audit   isarray: [ '2.0.5' ],
1173 silly audit   'side-channel-list': [ '1.0.0' ],
1173 silly audit   'side-channel-map': [ '1.0.1' ],
1173 silly audit   'side-channel-weakmap': [ '1.0.2' ],
1173 silly audit   '@types/json5': [ '0.0.29' ],
1173 silly audit   json5: [ '1.0.2' ],
1173 silly audit   minimist: [ '1.2.8' ],
1173 silly audit   'strip-bom': [ '3.0.0' ],
1173 silly audit   'for-each': [ '0.3.5' ],
1173 silly audit   'reflect.getprototypeof': [ '1.0.10' ],
1173 silly audit   'which-builtin-type': [ '1.2.1' ],
1173 silly audit   'has-bigints': [ '1.1.0' ],
1173 silly audit   'which-boxed-primitive': [ '1.1.1' ],
1173 silly audit   '@unrs/resolver-binding-android-arm-eabi': [ '1.11.1' ],
1173 silly audit   '@unrs/resolver-binding-android-arm64': [ '1.11.1' ],
1173 silly audit   '@unrs/resolver-binding-darwin-arm64': [ '1.11.1' ],
1173 silly audit   '@unrs/resolver-binding-darwin-x64': [ '1.11.1' ],
1173 silly audit   '@unrs/resolver-binding-freebsd-x64': [ '1.11.1' ],
1173 silly audit   '@unrs/resolver-binding-linux-arm-gnueabihf': [ '1.11.1' ],
1173 silly audit   '@unrs/resolver-binding-linux-arm-musleabihf': [ '1.11.1' ],
1173 silly audit   '@unrs/resolver-binding-linux-arm64-gnu': [ '1.11.1' ],
1173 silly audit   '@unrs/resolver-binding-linux-arm64-musl': [ '1.11.1' ],
1173 silly audit   '@unrs/resolver-binding-linux-ppc64-gnu': [ '1.11.1' ],
1173 silly audit   '@unrs/resolver-binding-linux-riscv64-gnu': [ '1.11.1' ],
1173 silly audit   '@unrs/resolver-binding-linux-riscv64-musl': [ '1.11.1' ],
1173 silly audit   '@unrs/resolver-binding-linux-s390x-gnu': [ '1.11.1' ],
1173 silly audit   '@unrs/resolver-binding-linux-x64-gnu': [ '1.11.1' ],
1173 silly audit   '@unrs/resolver-binding-linux-x64-musl': [ '1.11.1' ],
1173 silly audit   '@unrs/resolver-binding-wasm32-wasi': [ '1.11.1' ],
1173 silly audit   '@unrs/resolver-binding-win32-arm64-msvc': [ '1.11.1' ],
1173 silly audit   '@unrs/resolver-binding-win32-ia32-msvc': [ '1.11.1' ],
1173 silly audit   '@unrs/resolver-binding-win32-x64-msvc': [ '1.11.1' ],
1173 silly audit   'napi-postinstall': [ '0.3.4' ],
1173 silly audit   '@napi-rs/wasm-runtime': [ '0.2.12' ],
1173 silly audit   '@emnapi/core': [ '1.7.1' ],
1173 silly audit   '@emnapi/runtime': [ '1.7.1' ],
1173 silly audit   '@tybys/wasm-util': [ '0.10.1' ],
1173 silly audit   '@emnapi/wasi-threads': [ '1.1.0' ],
1173 silly audit   'is-bigint': [ '1.1.0' ],
1173 silly audit   'is-boolean-object': [ '1.2.2' ],
1173 silly audit   'is-number-object': [ '1.1.1' ],
1173 silly audit   'is-async-function': [ '2.1.1' ],
1173 silly audit   'is-finalizationregistry': [ '1.1.1' ],
1173 silly audit   'is-generator-function': [ '1.1.2' ],
1173 silly audit   'which-collection': [ '1.0.2' ],
1173 silly audit   'async-function': [ '1.0.0' ],
1173 silly audit   'generator-function': [ '2.0.1' ],
1173 silly audit   'is-map': [ '2.0.3' ],
1173 silly audit   'is-weakmap': [ '2.0.2' ],
1173 silly audit   'is-weakset': [ '2.0.4' ],
1173 silly audit   'foreground-child': [ '3.3.1' ],
1173 silly audit   jackspeak: [ '2.3.6' ],
1173 silly audit   minipass: [ '7.1.2' ],
1173 silly audit   'path-scurry': [ '1.11.1' ],
1173 silly audit   'signal-exit': [ '4.1.0' ],
1173 silly audit   '@isaacs/cliui': [ '8.0.2' ],
1173 silly audit   '@pkgjs/parseargs': [ '0.11.0' ],
1173 silly audit   'string-width': [ '5.1.2', '4.2.3' ],
1173 silly audit   'wrap-ansi': [ '8.1.0', '7.0.0' ],
1173 silly audit   'lru-cache': [ '10.4.3' ],
1173 silly audit   eastasianwidth: [ '0.2.0' ],
1173 silly audit   'is-fullwidth-code-point': [ '3.0.0' ]
1173 silly audit }
1174 http cache eastasianwidth@https://registry.npmjs.org/eastasianwidth/-/eastasianwidth-0.2.0.tgz 0ms (cache hit)
1175 http cache is-fullwidth-code-point@https://registry.npmjs.org/is-fullwidth-code-point/-/is-fullwidth-code-point-3.0.0.tgz 0ms (cache hit)
1176 http cache wrap-ansi-cjs@https://registry.npmjs.org/wrap-ansi/-/wrap-ansi-7.0.0.tgz 0ms (cache hit)
1177 http cache wrap-ansi@https://registry.npmjs.org/wrap-ansi/-/wrap-ansi-8.1.0.tgz 0ms (cache hit)
1178 http cache strip-ansi-cjs@https://registry.npmjs.org/strip-ansi/-/strip-ansi-6.0.1.tgz 0ms (cache hit)
1179 http cache string-width@https://registry.npmjs.org/string-width/-/string-width-5.1.2.tgz 0ms (cache hit)
1180 http cache string-width-cjs@https://registry.npmjs.org/string-width/-/string-width-4.2.3.tgz 0ms (cache hit)
1181 http cache @pkgjs/parseargs@https://registry.npmjs.org/@pkgjs/parseargs/-/parseargs-0.11.0.tgz 0ms (cache hit)
1182 http cache signal-exit@https://registry.npmjs.org/signal-exit/-/signal-exit-4.1.0.tgz 2ms (cache hit)
1183 http cache @isaacs/cliui@https://registry.npmjs.org/@isaacs/cliui/-/cliui-8.0.2.tgz 0ms (cache hit)
1184 http cache path-scurry@https://registry.npmjs.org/path-scurry/-/path-scurry-1.11.1.tgz 0ms (cache hit)
1185 http cache minipass@https://registry.npmjs.org/minipass/-/minipass-7.1.2.tgz 0ms (cache hit)
1186 http cache jackspeak@https://registry.npmjs.org/jackspeak/-/jackspeak-2.3.6.tgz 1ms (cache hit)
1187 http cache foreground-child@https://registry.npmjs.org/foreground-child/-/foreground-child-3.3.1.tgz 0ms (cache hit)
1188 http cache is-weakset@https://registry.npmjs.org/is-weakset/-/is-weakset-2.0.4.tgz 0ms (cache hit)
1189 http cache is-weakmap@https://registry.npmjs.org/is-weakmap/-/is-weakmap-2.0.2.tgz 0ms (cache hit)
1190 http cache is-map@https://registry.npmjs.org/is-map/-/is-map-2.0.3.tgz 0ms (cache hit)
1191 http cache generator-function@https://registry.npmjs.org/generator-function/-/generator-function-2.0.1.tgz 0ms (cache hit)
1192 http cache async-function@https://registry.npmjs.org/async-function/-/async-function-1.0.0.tgz 0ms (cache hit)
1193 http cache which-collection@https://registry.npmjs.org/which-collection/-/which-collection-1.0.2.tgz 0ms (cache hit)
1194 http cache is-generator-function@https://registry.npmjs.org/is-generator-function/-/is-generator-function-1.1.2.tgz 0ms (cache hit)
1195 http cache is-finalizationregistry@https://registry.npmjs.org/is-finalizationregistry/-/is-finalizationregistry-1.1.1.tgz 0ms (cache hit)
1196 http cache is-async-function@https://registry.npmjs.org/is-async-function/-/is-async-function-2.1.1.tgz 0ms (cache hit)
1197 http cache is-number-object@https://registry.npmjs.org/is-number-object/-/is-number-object-1.1.1.tgz 0ms (cache hit)
1198 http cache is-boolean-object@https://registry.npmjs.org/is-boolean-object/-/is-boolean-object-1.2.2.tgz 0ms (cache hit)
1199 http cache is-bigint@https://registry.npmjs.org/is-bigint/-/is-bigint-1.1.0.tgz 0ms (cache hit)
1200 http cache napi-postinstall@https://registry.npmjs.org/napi-postinstall/-/napi-postinstall-0.3.4.tgz 0ms (cache hit)
1201 http cache @unrs/resolver-binding-darwin-x64@https://registry.npmjs.org/@unrs/resolver-binding-darwin-x64/-/resolver-binding-darwin-x64-1.11.1.tgz 0ms (cache hit)
1202 http cache has-bigints@https://registry.npmjs.org/has-bigints/-/has-bigints-1.1.0.tgz 0ms (cache hit)
1203 http cache which-boxed-primitive@https://registry.npmjs.org/which-boxed-primitive/-/which-boxed-primitive-1.1.1.tgz 0ms (cache hit)
1204 http cache which-builtin-type@https://registry.npmjs.org/which-builtin-type/-/which-builtin-type-1.2.1.tgz 0ms (cache hit)
1205 http cache reflect.getprototypeof@https://registry.npmjs.org/reflect.getprototypeof/-/reflect.getprototypeof-1.0.10.tgz 0ms (cache hit)
1206 http cache for-each@https://registry.npmjs.org/for-each/-/for-each-0.3.5.tgz 0ms (cache hit)
1207 http cache strip-bom@https://registry.npmjs.org/strip-bom/-/strip-bom-3.0.0.tgz 0ms (cache hit)
1208 http cache json5@https://registry.npmjs.org/json5/-/json5-1.0.2.tgz 0ms (cache hit)
1209 http cache minimist@https://registry.npmjs.org/minimist/-/minimist-1.2.8.tgz 0ms (cache hit)
1210 http cache @types/json5@https://registry.npmjs.org/@types/json5/-/json5-0.0.29.tgz 0ms (cache hit)
1211 http cache side-channel-map@https://registry.npmjs.org/side-channel-map/-/side-channel-map-1.0.1.tgz 0ms (cache hit)
1212 http cache side-channel-weakmap@https://registry.npmjs.org/side-channel-weakmap/-/side-channel-weakmap-1.0.2.tgz 0ms (cache hit)
1213 http cache side-channel-list@https://registry.npmjs.org/side-channel-list/-/side-channel-list-1.0.0.tgz 0ms (cache hit)
1214 http cache isarray@https://registry.npmjs.org/isarray/-/isarray-2.0.5.tgz 0ms (cache hit)
1215 http cache react-is@https://registry.npmjs.org/react-is/-/react-is-16.13.1.tgz 0ms (cache hit)
1216 http cache language-subtag-registry@https://registry.npmjs.org/language-subtag-registry/-/language-subtag-registry-0.3.23.tgz 0ms (cache hit)
1217 http cache side-channel@https://registry.npmjs.org/side-channel/-/side-channel-1.1.0.tgz 0ms (cache hit)
1218 http cache path-type@https://registry.npmjs.org/path-type/-/path-type-4.0.0.tgz 0ms (cache hit)
1219 http cache lru-cache@https://registry.npmjs.org/lru-cache/-/lru-cache-10.4.3.tgz 0ms (cache hit)
1220 http cache set-function-name@https://registry.npmjs.org/set-function-name/-/set-function-name-2.0.2.tgz 0ms (cache hit)
1221 http cache slash@https://registry.npmjs.org/slash/-/slash-3.0.0.tgz 0ms (cache hit)
1222 http cache dir-glob@https://registry.npmjs.org/dir-glob/-/dir-glob-3.0.1.tgz 0ms (cache hit)
1223 http cache array-union@https://registry.npmjs.org/array-union/-/array-union-2.1.0.tgz 0ms (cache hit)
1224 http cache dunder-proto@https://registry.npmjs.org/dunder-proto/-/dunder-proto-1.0.1.tgz 0ms (cache hit)
1225 http cache resolve-pkg-maps@https://registry.npmjs.org/resolve-pkg-maps/-/resolve-pkg-maps-1.0.0.tgz 0ms (cache hit)
1226 http cache iterator.prototype@https://registry.npmjs.org/iterator.prototype/-/iterator.prototype-1.1.5.tgz 0ms (cache hit)
1227 http cache functions-have-names@https://registry.npmjs.org/functions-have-names/-/functions-have-names-1.2.3.tgz 0ms (cache hit)
1228 http cache string.prototype.repeat@https://registry.npmjs.org/string.prototype.repeat/-/string.prototype.repeat-1.0.0.tgz 0ms (cache hit)
1229 http cache string.prototype.matchall@https://registry.npmjs.org/string.prototype.matchall/-/string.prototype.matchall-4.0.12.tgz 0ms (cache hit)
1230 http cache object.entries@https://registry.npmjs.org/object.entries/-/object.entries-1.1.9.tgz 0ms (cache hit)
1231 http cache prop-types@https://registry.npmjs.org/prop-types/-/prop-types-15.8.1.tgz 0ms (cache hit)
1232 http cache es-iterator-helpers@https://registry.npmjs.org/es-iterator-helpers/-/es-iterator-helpers-1.2.2.tgz 0ms (cache hit)
1233 http cache array.prototype.tosorted@https://registry.npmjs.org/array.prototype.tosorted/-/array.prototype.tosorted-1.1.4.tgz 0ms (cache hit)
1234 http cache array.prototype.findlast@https://registry.npmjs.org/array.prototype.findlast/-/array.prototype.findlast-1.2.5.tgz 0ms (cache hit)
1235 http cache string.prototype.includes@https://registry.npmjs.org/string.prototype.includes/-/string.prototype.includes-2.0.1.tgz 0ms (cache hit)
1236 http cache language-tags@https://registry.npmjs.org/language-tags/-/language-tags-1.0.9.tgz 0ms (cache hit)
1237 http cache jsx-ast-utils@https://registry.npmjs.org/jsx-ast-utils/-/jsx-ast-utils-3.3.5.tgz 0ms (cache hit)
1238 http cache emoji-regex@https://registry.npmjs.org/emoji-regex/-/emoji-regex-9.2.2.tgz 0ms (cache hit)
1239 http cache damerau-levenshtein@https://registry.npmjs.org/damerau-levenshtein/-/damerau-levenshtein-1.0.8.tgz 0ms (cache hit)
1240 http cache axobject-query@https://registry.npmjs.org/axobject-query/-/axobject-query-4.1.0.tgz 0ms (cache hit)
1241 http cache aria-query@https://registry.npmjs.org/aria-query/-/aria-query-5.3.2.tgz 0ms (cache hit)
1242 http cache ast-types-flow@https://registry.npmjs.org/ast-types-flow/-/ast-types-flow-0.0.8.tgz 0ms (cache hit)
1243 http cache is-symbol@https://registry.npmjs.org/is-symbol/-/is-symbol-1.1.1.tgz 0ms (cache hit)
1244 http cache is-date-object@https://registry.npmjs.org/is-date-object/-/is-date-object-1.1.0.tgz 0ms (cache hit)
1245 http cache has-tostringtag@https://registry.npmjs.org/has-tostringtag/-/has-tostringtag-1.0.2.tgz 0ms (cache hit)
1246 http cache possible-typed-array-names@https://registry.npmjs.org/possible-typed-array-names/-/possible-typed-array-names-1.1.0.tgz 0ms (cache hit)
1247 http cache unbox-primitive@https://registry.npmjs.org/unbox-primitive/-/unbox-primitive-1.1.0.tgz 0ms (cache hit)
1248 http cache which-typed-array@https://registry.npmjs.org/which-typed-array/-/which-typed-array-1.1.19.tgz 0ms (cache hit)
1249 http cache typed-array-length@https://registry.npmjs.org/typed-array-length/-/typed-array-length-1.0.7.tgz 0ms (cache hit)
1250 http cache typed-array-byte-length@https://registry.npmjs.org/typed-array-byte-length/-/typed-array-byte-length-1.0.3.tgz 0ms (cache hit)
1251 http cache typed-array-byte-offset@https://registry.npmjs.org/typed-array-byte-offset/-/typed-array-byte-offset-1.0.4.tgz 0ms (cache hit)
1252 http cache typed-array-buffer@https://registry.npmjs.org/typed-array-buffer/-/typed-array-buffer-1.0.3.tgz 0ms (cache hit)
1253 http cache string.prototype.trimstart@https://registry.npmjs.org/string.prototype.trimstart/-/string.prototype.trimstart-1.0.8.tgz 0ms (cache hit)
1254 http cache string.prototype.trim@https://registry.npmjs.org/string.prototype.trim/-/string.prototype.trim-1.2.10.tgz 0ms (cache hit)
1255 http cache stop-iteration-iterator@https://registry.npmjs.org/stop-iteration-iterator/-/stop-iteration-iterator-1.1.0.tgz 0ms (cache hit)
1256 http cache set-proto@https://registry.npmjs.org/set-proto/-/set-proto-1.0.0.tgz 0ms (cache hit)
1257 http cache safe-regex-test@https://registry.npmjs.org/safe-regex-test/-/safe-regex-test-1.1.0.tgz 0ms (cache hit)
1258 http cache safe-push-apply@https://registry.npmjs.org/safe-push-apply/-/safe-push-apply-1.0.0.tgz 0ms (cache hit)
1259 http cache safe-array-concat@https://registry.npmjs.org/safe-array-concat/-/safe-array-concat-1.1.3.tgz 0ms (cache hit)
1260 http cache regexp.prototype.flags@https://registry.npmjs.org/regexp.prototype.flags/-/regexp.prototype.flags-1.5.4.tgz 0ms (cache hit)
1261 http cache own-keys@https://registry.npmjs.org/own-keys/-/own-keys-1.0.1.tgz 0ms (cache hit)
1262 http cache object.assign@https://registry.npmjs.org/object.assign/-/object.assign-4.1.7.tgz 0ms (cache hit)
1263 http cache is-weakref@https://registry.npmjs.org/is-weakref/-/is-weakref-1.1.1.tgz 0ms (cache hit)
1264 http cache object-inspect@https://registry.npmjs.org/object-inspect/-/object-inspect-1.13.4.tgz 0ms (cache hit)
1265 http cache is-typed-array@https://registry.npmjs.org/is-typed-array/-/is-typed-array-1.1.15.tgz 0ms (cache hit)
1266 http cache is-set@https://registry.npmjs.org/is-set/-/is-set-2.0.3.tgz 0ms (cache hit)
1267 http cache is-shared-array-buffer@https://registry.npmjs.org/is-shared-array-buffer/-/is-shared-array-buffer-1.0.4.tgz 0ms (cache hit)
1268 http cache is-regex@https://registry.npmjs.org/is-regex/-/is-regex-1.2.1.tgz 0ms (cache hit)
1269 http cache is-negative-zero@https://registry.npmjs.org/is-negative-zero/-/is-negative-zero-2.0.3.tgz 0ms (cache hit)
1270 http cache is-data-view@https://registry.npmjs.org/is-data-view/-/is-data-view-1.0.2.tgz 0ms (cache hit)
1271 http cache is-callable@https://registry.npmjs.org/is-callable/-/is-callable-1.2.7.tgz 0ms (cache hit)
1272 http cache is-array-buffer@https://registry.npmjs.org/is-array-buffer/-/is-array-buffer-3.0.5.tgz 0ms (cache hit)
1273 http cache internal-slot@https://registry.npmjs.org/internal-slot/-/internal-slot-1.1.0.tgz 0ms (cache hit)
1274 http cache has-symbols@https://registry.npmjs.org/has-symbols/-/has-symbols-1.1.0.tgz 0ms (cache hit)
1275 http cache has-proto@https://registry.npmjs.org/has-proto/-/has-proto-1.2.0.tgz 0ms (cache hit)
1276 http cache globalthis@https://registry.npmjs.org/globalthis/-/globalthis-1.0.4.tgz 0ms (cache hit)
1277 http cache get-symbol-description@https://registry.npmjs.org/get-symbol-description/-/get-symbol-description-1.1.0.tgz 0ms (cache hit)
1278 http cache function.prototype.name@https://registry.npmjs.org/function.prototype.name/-/function.prototype.name-1.1.8.tgz 0ms (cache hit)
1279 http cache get-proto@https://registry.npmjs.org/get-proto/-/get-proto-1.0.1.tgz 0ms (cache hit)
1280 http cache es-to-primitive@https://registry.npmjs.org/es-to-primitive/-/es-to-primitive-1.3.0.tgz 0ms (cache hit)
1281 http cache es-set-tostringtag@https://registry.npmjs.org/es-set-tostringtag/-/es-set-tostringtag-2.1.0.tgz 0ms (cache hit)
1282 http cache data-view-byte-offset@https://registry.npmjs.org/data-view-byte-offset/-/data-view-byte-offset-1.0.1.tgz 0ms (cache hit)
1283 http cache data-view-byte-length@https://registry.npmjs.org/data-view-byte-length/-/data-view-byte-length-1.0.2.tgz 0ms (cache hit)
1284 http cache data-view-buffer@https://registry.npmjs.org/data-view-buffer/-/data-view-buffer-1.0.2.tgz 0ms (cache hit)
1285 http cache available-typed-arrays@https://registry.npmjs.org/available-typed-arrays/-/available-typed-arrays-1.0.7.tgz 0ms (cache hit)
1286 http cache arraybuffer.prototype.slice@https://registry.npmjs.org/arraybuffer.prototype.slice/-/arraybuffer.prototype.slice-1.0.4.tgz 0ms (cache hit)
1287 http cache array-buffer-byte-length@https://registry.npmjs.org/array-buffer-byte-length/-/array-buffer-byte-length-1.0.2.tgz 0ms (cache hit)
1288 http cache gopd@https://registry.npmjs.org/gopd/-/gopd-1.2.0.tgz 0ms (cache hit)
1289 http cache object-keys@https://registry.npmjs.org/object-keys/-/object-keys-1.1.1.tgz 0ms (cache hit)
1290 http cache has-property-descriptors@https://registry.npmjs.org/has-property-descriptors/-/has-property-descriptors-1.0.2.tgz 0ms (cache hit)
1291 http cache define-data-property@https://registry.npmjs.org/define-data-property/-/define-data-property-1.1.4.tgz 0ms (cache hit)
1292 http cache set-function-length@https://registry.npmjs.org/set-function-length/-/set-function-length-1.2.2.tgz 0ms (cache hit)
1293 http cache es-define-property@https://registry.npmjs.org/es-define-property/-/es-define-property-1.0.1.tgz 0ms (cache hit)
1294 http cache call-bind-apply-helpers@https://registry.npmjs.org/call-bind-apply-helpers/-/call-bind-apply-helpers-1.0.2.tgz 0ms (cache hit)
1295 http cache es-shim-unscopables@https://registry.npmjs.org/es-shim-unscopables/-/es-shim-unscopables-1.1.0.tgz 0ms (cache hit)
1296 http cache es-errors@https://registry.npmjs.org/es-errors/-/es-errors-1.3.0.tgz 0ms (cache hit)
1297 http cache math-intrinsics@https://registry.npmjs.org/math-intrinsics/-/math-intrinsics-1.1.0.tgz 0ms (cache hit)
1298 http cache is-string@https://registry.npmjs.org/is-string/-/is-string-1.1.1.tgz 0ms (cache hit)
1299 http cache get-intrinsic@https://registry.npmjs.org/get-intrinsic/-/get-intrinsic-1.3.0.tgz 0ms (cache hit)
1300 http cache es-object-atoms@https://registry.npmjs.org/es-object-atoms/-/es-object-atoms-1.1.1.tgz 0ms (cache hit)
1301 http cache es-abstract@https://registry.npmjs.org/es-abstract/-/es-abstract-1.24.1.tgz 0ms (cache hit)
1302 http cache define-properties@https://registry.npmjs.org/define-properties/-/define-properties-1.2.1.tgz 0ms (cache hit)
1303 http cache call-bound@https://registry.npmjs.org/call-bound/-/call-bound-1.0.4.tgz 0ms (cache hit)
1304 http cache call-bind@https://registry.npmjs.org/call-bind/-/call-bind-1.0.8.tgz 0ms (cache hit)
1305 http cache tsconfig-paths@https://registry.npmjs.org/tsconfig-paths/-/tsconfig-paths-3.15.0.tgz 0ms (cache hit)
1306 http cache string.prototype.trimend@https://registry.npmjs.org/string.prototype.trimend/-/string.prototype.trimend-1.0.9.tgz 0ms (cache hit)
1307 http cache object.values@https://registry.npmjs.org/object.values/-/object.values-1.2.1.tgz 0ms (cache hit)
1308 http cache object.groupby@https://registry.npmjs.org/object.groupby/-/object.groupby-1.0.3.tgz 0ms (cache hit)
1309 http cache object.fromentries@https://registry.npmjs.org/object.fromentries/-/object.fromentries-2.0.8.tgz 0ms (cache hit)
1310 http cache eslint-module-utils@https://registry.npmjs.org/eslint-module-utils/-/eslint-module-utils-2.12.1.tgz 0ms (cache hit)
1311 http cache array.prototype.flatmap@https://registry.npmjs.org/array.prototype.flatmap/-/array.prototype.flatmap-1.3.3.tgz 0ms (cache hit)
1312 http cache array.prototype.flat@https://registry.npmjs.org/array.prototype.flat/-/array.prototype.flat-1.3.3.tgz 0ms (cache hit)
1313 http cache array.prototype.findlastindex@https://registry.npmjs.org/array.prototype.findlastindex/-/array.prototype.findlastindex-1.2.6.tgz 0ms (cache hit)
1314 http cache @rtsao/scc@https://registry.npmjs.org/@rtsao/scc/-/scc-1.1.0.tgz 0ms (cache hit)
1315 http cache array-includes@https://registry.npmjs.org/array-includes/-/array-includes-3.1.9.tgz 0ms (cache hit)
1316 http cache unrs-resolver@https://registry.npmjs.org/unrs-resolver/-/unrs-resolver-1.11.1.tgz 0ms (cache hit)
1317 http cache stable-hash@https://registry.npmjs.org/stable-hash/-/stable-hash-0.0.5.tgz 0ms (cache hit)
1318 http cache is-bun-module@https://registry.npmjs.org/is-bun-module/-/is-bun-module-2.0.0.tgz 0ms (cache hit)
1319 http cache get-tsconfig@https://registry.npmjs.org/get-tsconfig/-/get-tsconfig-4.13.0.tgz 0ms (cache hit)
1320 http cache @nolyfill/is-core-module@https://registry.npmjs.org/@nolyfill/is-core-module/-/is-core-module-1.0.39.tgz 0ms (cache hit)
1321 http cache typescript@https://registry.npmjs.org/typescript/-/typescript-5.9.3.tgz 0ms (cache hit)
1322 http cache ts-api-utils@https://registry.npmjs.org/ts-api-utils/-/ts-api-utils-1.4.3.tgz 0ms (cache hit)
1323 http cache semver@https://registry.npmjs.org/semver/-/semver-7.7.3.tgz 0ms (cache hit)
1324 http cache globby@https://registry.npmjs.org/globby/-/globby-11.1.0.tgz 0ms (cache hit)
1325 http cache @typescript-eslint/visitor-keys@https://registry.npmjs.org/@typescript-eslint/visitor-keys/-/visitor-keys-6.21.0.tgz 0ms (cache hit)
1326 http cache @typescript-eslint/typescript-estree@https://registry.npmjs.org/@typescript-eslint/typescript-estree/-/typescript-estree-6.21.0.tgz 0ms (cache hit)
1327 http cache @typescript-eslint/types@https://registry.npmjs.org/@typescript-eslint/types/-/types-6.21.0.tgz 0ms (cache hit)
1328 http cache @typescript-eslint/scope-manager@https://registry.npmjs.org/@typescript-eslint/scope-manager/-/scope-manager-6.21.0.tgz 0ms (cache hit)
1329 http cache eslint-plugin-react-hooks@https://registry.npmjs.org/eslint-plugin-react-hooks/-/eslint-plugin-react-hooks-5.0.0-canary-7118f5dd7-20230705.tgz 0ms (cache hit)
1330 http cache eslint-plugin-react@https://registry.npmjs.org/eslint-plugin-react/-/eslint-plugin-react-7.37.5.tgz 0ms (cache hit)
1331 http cache eslint-plugin-jsx-a11y@https://registry.npmjs.org/eslint-plugin-jsx-a11y/-/eslint-plugin-jsx-a11y-6.10.2.tgz 0ms (cache hit)
1332 http cache eslint-plugin-import@https://registry.npmjs.org/eslint-plugin-import/-/eslint-plugin-import-2.32.0.tgz 0ms (cache hit)
1333 http cache eslint-import-resolver-typescript@https://registry.npmjs.org/eslint-import-resolver-typescript/-/eslint-import-resolver-typescript-3.10.1.tgz 0ms (cache hit)
1334 http cache eslint-import-resolver-node@https://registry.npmjs.org/eslint-import-resolver-node/-/eslint-import-resolver-node-0.3.9.tgz 0ms (cache hit)
1335 http cache @typescript-eslint/parser@https://registry.npmjs.org/@typescript-eslint/parser/-/parser-6.21.0.tgz 0ms (cache hit)
1336 http cache @rushstack/eslint-patch@https://registry.npmjs.org/@rushstack/eslint-patch/-/eslint-patch-1.15.0.tgz 0ms (cache hit)
1337 http cache @next/eslint-plugin-next@https://registry.npmjs.org/@next/eslint-plugin-next/-/eslint-plugin-next-14.1.0.tgz 0ms (cache hit)
1338 http cache eslint-config-next@https://registry.npmjs.org/eslint-config-next/-/eslint-config-next-14.1.0.tgz 0ms (cache hit)
1339 http cache emoji-regex@https://registry.npmjs.org/emoji-regex/-/emoji-regex-8.0.0.tgz 0ms (cache hit)
1340 http cache string-width@https://registry.npmjs.org/string-width/-/string-width-4.2.3.tgz 0ms (cache hit)
1341 http cache ansi-regex@https://registry.npmjs.org/ansi-regex/-/ansi-regex-6.2.2.tgz 0ms (cache hit)
1342 http cache strip-ansi@https://registry.npmjs.org/strip-ansi/-/strip-ansi-7.1.2.tgz 0ms (cache hit)
1343 http cache ansi-styles@https://registry.npmjs.org/ansi-styles/-/ansi-styles-6.2.3.tgz 0ms (cache hit)
1344 http cache emoji-regex@https://registry.npmjs.org/emoji-regex/-/emoji-regex-8.0.0.tgz 0ms (cache hit)
1345 http cache ansi-regex@https://registry.npmjs.org/ansi-regex/-/ansi-regex-6.2.2.tgz 0ms (cache hit)
1346 http cache strip-ansi@https://registry.npmjs.org/strip-ansi/-/strip-ansi-7.1.2.tgz 0ms (cache hit)
1347 http cache ansi-regex@https://registry.npmjs.org/ansi-regex/-/ansi-regex-6.2.2.tgz 0ms (cache hit)
1348 http cache strip-ansi@https://registry.npmjs.org/strip-ansi/-/strip-ansi-7.1.2.tgz 0ms (cache hit)
1349 http cache debug@https://registry.npmjs.org/debug/-/debug-3.2.7.tgz 0ms (cache hit)
1350 http cache brace-expansion@https://registry.npmjs.org/brace-expansion/-/brace-expansion-2.0.2.tgz 0ms (cache hit)
1351 http cache minimatch@https://registry.npmjs.org/minimatch/-/minimatch-9.0.3.tgz 0ms (cache hit)
1352 http cache semver@https://registry.npmjs.org/semver/-/semver-6.3.1.tgz 0ms (cache hit)
1353 http cache resolve@https://registry.npmjs.org/resolve/-/resolve-2.0.0-next.5.tgz 0ms (cache hit)
1354 http cache doctrine@https://registry.npmjs.org/doctrine/-/doctrine-2.1.0.tgz 0ms (cache hit)
1355 http cache semver@https://registry.npmjs.org/semver/-/semver-6.3.1.tgz 0ms (cache hit)
1356 http cache doctrine@https://registry.npmjs.org/doctrine/-/doctrine-2.1.0.tgz 0ms (cache hit)
1357 http cache debug@https://registry.npmjs.org/debug/-/debug-3.2.7.tgz 0ms (cache hit)
1358 http cache debug@https://registry.npmjs.org/debug/-/debug-3.2.7.tgz 0ms (cache hit)
1359 http cache brace-expansion@https://registry.npmjs.org/brace-expansion/-/brace-expansion-2.0.2.tgz 0ms (cache hit)
1360 http cache minimatch@https://registry.npmjs.org/minimatch/-/minimatch-9.0.5.tgz 0ms (cache hit)
1361 http cache glob@https://registry.npmjs.org/glob/-/glob-10.3.10.tgz 0ms (cache hit)
1362 http cache axe-core@https://registry.npmjs.org/axe-core/-/axe-core-4.11.0.tgz 0ms (cache hit)
1363 silly tarball no local data for eastasianwidth@https://registry.npmjs.org/eastasianwidth/-/eastasianwidth-0.2.0.tgz. Extracting by manifest.
1364 silly tarball no local data for is-fullwidth-code-point@https://registry.npmjs.org/is-fullwidth-code-point/-/is-fullwidth-code-point-3.0.0.tgz. Extracting by manifest.
1365 silly tarball no local data for wrap-ansi-cjs@https://registry.npmjs.org/wrap-ansi/-/wrap-ansi-7.0.0.tgz. Extracting by manifest.
1366 silly tarball no local data for wrap-ansi@https://registry.npmjs.org/wrap-ansi/-/wrap-ansi-8.1.0.tgz. Extracting by manifest.
1367 silly tarball no local data for string-width@https://registry.npmjs.org/string-width/-/string-width-5.1.2.tgz. Extracting by manifest.
1368 silly tarball no local data for string-width-cjs@https://registry.npmjs.org/string-width/-/string-width-4.2.3.tgz. Extracting by manifest.
1369 silly tarball no local data for @pkgjs/parseargs@https://registry.npmjs.org/@pkgjs/parseargs/-/parseargs-0.11.0.tgz. Extracting by manifest.
1370 silly tarball no local data for signal-exit@https://registry.npmjs.org/signal-exit/-/signal-exit-4.1.0.tgz. Extracting by manifest.
1371 silly tarball no local data for @isaacs/cliui@https://registry.npmjs.org/@isaacs/cliui/-/cliui-8.0.2.tgz. Extracting by manifest.
1372 silly tarball no local data for path-scurry@https://registry.npmjs.org/path-scurry/-/path-scurry-1.11.1.tgz. Extracting by manifest.
1373 silly tarball no local data for minipass@https://registry.npmjs.org/minipass/-/minipass-7.1.2.tgz. Extracting by manifest.
1374 silly tarball no local data for jackspeak@https://registry.npmjs.org/jackspeak/-/jackspeak-2.3.6.tgz. Extracting by manifest.
1375 silly tarball no local data for foreground-child@https://registry.npmjs.org/foreground-child/-/foreground-child-3.3.1.tgz. Extracting by manifest.
1376 silly tarball no local data for is-weakset@https://registry.npmjs.org/is-weakset/-/is-weakset-2.0.4.tgz. Extracting by manifest.
1377 silly tarball no local data for is-weakmap@https://registry.npmjs.org/is-weakmap/-/is-weakmap-2.0.2.tgz. Extracting by manifest.
1378 silly tarball no local data for is-map@https://registry.npmjs.org/is-map/-/is-map-2.0.3.tgz. Extracting by manifest.
1379 silly tarball no local data for async-function@https://registry.npmjs.org/async-function/-/async-function-1.0.0.tgz. Extracting by manifest.
1380 silly tarball no local data for generator-function@https://registry.npmjs.org/generator-function/-/generator-function-2.0.1.tgz. Extracting by manifest.
1381 silly tarball no local data for which-collection@https://registry.npmjs.org/which-collection/-/which-collection-1.0.2.tgz. Extracting by manifest.
1382 silly tarball no local data for is-generator-function@https://registry.npmjs.org/is-generator-function/-/is-generator-function-1.1.2.tgz. Extracting by manifest.
1383 silly tarball no local data for is-finalizationregistry@https://registry.npmjs.org/is-finalizationregistry/-/is-finalizationregistry-1.1.1.tgz. Extracting by manifest.
1384 silly tarball no local data for is-async-function@https://registry.npmjs.org/is-async-function/-/is-async-function-2.1.1.tgz. Extracting by manifest.
1385 silly tarball no local data for is-number-object@https://registry.npmjs.org/is-number-object/-/is-number-object-1.1.1.tgz. Extracting by manifest.
1386 silly tarball no local data for is-boolean-object@https://registry.npmjs.org/is-boolean-object/-/is-boolean-object-1.2.2.tgz. Extracting by manifest.
1387 silly tarball no local data for is-bigint@https://registry.npmjs.org/is-bigint/-/is-bigint-1.1.0.tgz. Extracting by manifest.
1388 silly tarball no local data for napi-postinstall@https://registry.npmjs.org/napi-postinstall/-/napi-postinstall-0.3.4.tgz. Extracting by manifest.
1389 silly tarball no local data for @unrs/resolver-binding-darwin-x64@https://registry.npmjs.org/@unrs/resolver-binding-darwin-x64/-/resolver-binding-darwin-x64-1.11.1.tgz. Extracting by manifest.
1390 silly tarball no local data for has-bigints@https://registry.npmjs.org/has-bigints/-/has-bigints-1.1.0.tgz. Extracting by manifest.
1391 silly tarball no local data for which-boxed-primitive@https://registry.npmjs.org/which-boxed-primitive/-/which-boxed-primitive-1.1.1.tgz. Extracting by manifest.
1392 silly tarball no local data for which-builtin-type@https://registry.npmjs.org/which-builtin-type/-/which-builtin-type-1.2.1.tgz. Extracting by manifest.
1393 silly tarball no local data for reflect.getprototypeof@https://registry.npmjs.org/reflect.getprototypeof/-/reflect.getprototypeof-1.0.10.tgz. Extracting by manifest.
1394 silly tarball no local data for for-each@https://registry.npmjs.org/for-each/-/for-each-0.3.5.tgz. Extracting by manifest.
1395 silly tarball no local data for strip-bom@https://registry.npmjs.org/strip-bom/-/strip-bom-3.0.0.tgz. Extracting by manifest.
1396 silly tarball no local data for json5@https://registry.npmjs.org/json5/-/json5-1.0.2.tgz. Extracting by manifest.
1397 silly tarball no local data for minimist@https://registry.npmjs.org/minimist/-/minimist-1.2.8.tgz. Extracting by manifest.
1398 silly tarball no local data for @types/json5@https://registry.npmjs.org/@types/json5/-/json5-0.0.29.tgz. Extracting by manifest.
1399 silly tarball no local data for side-channel-map@https://registry.npmjs.org/side-channel-map/-/side-channel-map-1.0.1.tgz. Extracting by manifest.
1400 silly tarball no local data for side-channel-weakmap@https://registry.npmjs.org/side-channel-weakmap/-/side-channel-weakmap-1.0.2.tgz. Extracting by manifest.
1401 silly tarball no local data for side-channel-list@https://registry.npmjs.org/side-channel-list/-/side-channel-list-1.0.0.tgz. Extracting by manifest.
1402 silly tarball no local data for isarray@https://registry.npmjs.org/isarray/-/isarray-2.0.5.tgz. Extracting by manifest.
1403 silly tarball no local data for react-is@https://registry.npmjs.org/react-is/-/react-is-16.13.1.tgz. Extracting by manifest.
1404 silly tarball no local data for language-subtag-registry@https://registry.npmjs.org/language-subtag-registry/-/language-subtag-registry-0.3.23.tgz. Extracting by manifest.
1405 silly tarball no local data for side-channel@https://registry.npmjs.org/side-channel/-/side-channel-1.1.0.tgz. Extracting by manifest.
1406 silly tarball no local data for path-type@https://registry.npmjs.org/path-type/-/path-type-4.0.0.tgz. Extracting by manifest.
1407 silly tarball no local data for lru-cache@https://registry.npmjs.org/lru-cache/-/lru-cache-10.4.3.tgz. Extracting by manifest.
1408 silly tarball no local data for set-function-name@https://registry.npmjs.org/set-function-name/-/set-function-name-2.0.2.tgz. Extracting by manifest.
1409 silly tarball no local data for slash@https://registry.npmjs.org/slash/-/slash-3.0.0.tgz. Extracting by manifest.
1410 silly tarball no local data for dir-glob@https://registry.npmjs.org/dir-glob/-/dir-glob-3.0.1.tgz. Extracting by manifest.
1411 silly tarball no local data for array-union@https://registry.npmjs.org/array-union/-/array-union-2.1.0.tgz. Extracting by manifest.
1412 silly tarball no local data for dunder-proto@https://registry.npmjs.org/dunder-proto/-/dunder-proto-1.0.1.tgz. Extracting by manifest.
1413 silly tarball no local data for resolve-pkg-maps@https://registry.npmjs.org/resolve-pkg-maps/-/resolve-pkg-maps-1.0.0.tgz. Extracting by manifest.
1414 silly tarball no local data for iterator.prototype@https://registry.npmjs.org/iterator.prototype/-/iterator.prototype-1.1.5.tgz. Extracting by manifest.
1415 silly tarball no local data for functions-have-names@https://registry.npmjs.org/functions-have-names/-/functions-have-names-1.2.3.tgz. Extracting by manifest.
1416 silly tarball no local data for string.prototype.repeat@https://registry.npmjs.org/string.prototype.repeat/-/string.prototype.repeat-1.0.0.tgz. Extracting by manifest.
1417 silly tarball no local data for string.prototype.matchall@https://registry.npmjs.org/string.prototype.matchall/-/string.prototype.matchall-4.0.12.tgz. Extracting by manifest.
1418 silly tarball no local data for object.entries@https://registry.npmjs.org/object.entries/-/object.entries-1.1.9.tgz. Extracting by manifest.
1419 silly tarball no local data for prop-types@https://registry.npmjs.org/prop-types/-/prop-types-15.8.1.tgz. Extracting by manifest.
1420 silly tarball no local data for es-iterator-helpers@https://registry.npmjs.org/es-iterator-helpers/-/es-iterator-helpers-1.2.2.tgz. Extracting by manifest.
1421 silly tarball no local data for array.prototype.tosorted@https://registry.npmjs.org/array.prototype.tosorted/-/array.prototype.tosorted-1.1.4.tgz. Extracting by manifest.
1422 silly tarball no local data for array.prototype.findlast@https://registry.npmjs.org/array.prototype.findlast/-/array.prototype.findlast-1.2.5.tgz. Extracting by manifest.
1423 silly tarball no local data for string.prototype.includes@https://registry.npmjs.org/string.prototype.includes/-/string.prototype.includes-2.0.1.tgz. Extracting by manifest.
1424 silly tarball no local data for language-tags@https://registry.npmjs.org/language-tags/-/language-tags-1.0.9.tgz. Extracting by manifest.
1425 silly tarball no local data for jsx-ast-utils@https://registry.npmjs.org/jsx-ast-utils/-/jsx-ast-utils-3.3.5.tgz. Extracting by manifest.
1426 silly tarball no local data for emoji-regex@https://registry.npmjs.org/emoji-regex/-/emoji-regex-9.2.2.tgz. Extracting by manifest.
1427 silly tarball no local data for damerau-levenshtein@https://registry.npmjs.org/damerau-levenshtein/-/damerau-levenshtein-1.0.8.tgz. Extracting by manifest.
1428 silly tarball no local data for axobject-query@https://registry.npmjs.org/axobject-query/-/axobject-query-4.1.0.tgz. Extracting by manifest.
1429 silly tarball no local data for aria-query@https://registry.npmjs.org/aria-query/-/aria-query-5.3.2.tgz. Extracting by manifest.
1430 silly tarball no local data for ast-types-flow@https://registry.npmjs.org/ast-types-flow/-/ast-types-flow-0.0.8.tgz. Extracting by manifest.
1431 silly tarball no local data for is-symbol@https://registry.npmjs.org/is-symbol/-/is-symbol-1.1.1.tgz. Extracting by manifest.
1432 silly tarball no local data for is-date-object@https://registry.npmjs.org/is-date-object/-/is-date-object-1.1.0.tgz. Extracting by manifest.
1433 silly tarball no local data for has-tostringtag@https://registry.npmjs.org/has-tostringtag/-/has-tostringtag-1.0.2.tgz. Extracting by manifest.
1434 silly tarball no local data for possible-typed-array-names@https://registry.npmjs.org/possible-typed-array-names/-/possible-typed-array-names-1.1.0.tgz. Extracting by manifest.
1435 silly tarball no local data for unbox-primitive@https://registry.npmjs.org/unbox-primitive/-/unbox-primitive-1.1.0.tgz. Extracting by manifest.
1436 silly tarball no local data for which-typed-array@https://registry.npmjs.org/which-typed-array/-/which-typed-array-1.1.19.tgz. Extracting by manifest.
1437 silly tarball no local data for typed-array-length@https://registry.npmjs.org/typed-array-length/-/typed-array-length-1.0.7.tgz. Extracting by manifest.
1438 silly tarball no local data for typed-array-byte-length@https://registry.npmjs.org/typed-array-byte-length/-/typed-array-byte-length-1.0.3.tgz. Extracting by manifest.
1439 silly tarball no local data for typed-array-byte-offset@https://registry.npmjs.org/typed-array-byte-offset/-/typed-array-byte-offset-1.0.4.tgz. Extracting by manifest.
1440 silly tarball no local data for typed-array-buffer@https://registry.npmjs.org/typed-array-buffer/-/typed-array-buffer-1.0.3.tgz. Extracting by manifest.
1441 silly tarball no local data for string.prototype.trimstart@https://registry.npmjs.org/string.prototype.trimstart/-/string.prototype.trimstart-1.0.8.tgz. Extracting by manifest.
1442 silly tarball no local data for string.prototype.trim@https://registry.npmjs.org/string.prototype.trim/-/string.prototype.trim-1.2.10.tgz. Extracting by manifest.
1443 silly tarball no local data for stop-iteration-iterator@https://registry.npmjs.org/stop-iteration-iterator/-/stop-iteration-iterator-1.1.0.tgz. Extracting by manifest.
1444 silly tarball no local data for set-proto@https://registry.npmjs.org/set-proto/-/set-proto-1.0.0.tgz. Extracting by manifest.
1445 silly tarball no local data for safe-regex-test@https://registry.npmjs.org/safe-regex-test/-/safe-regex-test-1.1.0.tgz. Extracting by manifest.
1446 silly tarball no local data for safe-push-apply@https://registry.npmjs.org/safe-push-apply/-/safe-push-apply-1.0.0.tgz. Extracting by manifest.
1447 silly tarball no local data for safe-array-concat@https://registry.npmjs.org/safe-array-concat/-/safe-array-concat-1.1.3.tgz. Extracting by manifest.
1448 silly tarball no local data for regexp.prototype.flags@https://registry.npmjs.org/regexp.prototype.flags/-/regexp.prototype.flags-1.5.4.tgz. Extracting by manifest.
1449 silly tarball no local data for own-keys@https://registry.npmjs.org/own-keys/-/own-keys-1.0.1.tgz. Extracting by manifest.
1450 silly tarball no local data for object.assign@https://registry.npmjs.org/object.assign/-/object.assign-4.1.7.tgz. Extracting by manifest.
1451 silly tarball no local data for is-weakref@https://registry.npmjs.org/is-weakref/-/is-weakref-1.1.1.tgz. Extracting by manifest.
1452 silly tarball no local data for object-inspect@https://registry.npmjs.org/object-inspect/-/object-inspect-1.13.4.tgz. Extracting by manifest.
1453 silly tarball no local data for is-typed-array@https://registry.npmjs.org/is-typed-array/-/is-typed-array-1.1.15.tgz. Extracting by manifest.
1454 silly tarball no local data for is-set@https://registry.npmjs.org/is-set/-/is-set-2.0.3.tgz. Extracting by manifest.
1455 silly tarball no local data for is-shared-array-buffer@https://registry.npmjs.org/is-shared-array-buffer/-/is-shared-array-buffer-1.0.4.tgz. Extracting by manifest.
1456 silly tarball no local data for is-regex@https://registry.npmjs.org/is-regex/-/is-regex-1.2.1.tgz. Extracting by manifest.
1457 silly tarball no local data for is-negative-zero@https://registry.npmjs.org/is-negative-zero/-/is-negative-zero-2.0.3.tgz. Extracting by manifest.
1458 silly tarball no local data for is-data-view@https://registry.npmjs.org/is-data-view/-/is-data-view-1.0.2.tgz. Extracting by manifest.
1459 silly tarball no local data for is-callable@https://registry.npmjs.org/is-callable/-/is-callable-1.2.7.tgz. Extracting by manifest.
1460 silly tarball no local data for is-array-buffer@https://registry.npmjs.org/is-array-buffer/-/is-array-buffer-3.0.5.tgz. Extracting by manifest.
1461 silly tarball no local data for internal-slot@https://registry.npmjs.org/internal-slot/-/internal-slot-1.1.0.tgz. Extracting by manifest.
1462 silly tarball no local data for has-symbols@https://registry.npmjs.org/has-symbols/-/has-symbols-1.1.0.tgz. Extracting by manifest.
1463 silly tarball no local data for has-proto@https://registry.npmjs.org/has-proto/-/has-proto-1.2.0.tgz. Extracting by manifest.
1464 silly tarball no local data for globalthis@https://registry.npmjs.org/globalthis/-/globalthis-1.0.4.tgz. Extracting by manifest.
1465 silly tarball no local data for get-symbol-description@https://registry.npmjs.org/get-symbol-description/-/get-symbol-description-1.1.0.tgz. Extracting by manifest.
1466 silly tarball no local data for function.prototype.name@https://registry.npmjs.org/function.prototype.name/-/function.prototype.name-1.1.8.tgz. Extracting by manifest.
1467 silly tarball no local data for get-proto@https://registry.npmjs.org/get-proto/-/get-proto-1.0.1.tgz. Extracting by manifest.
1468 silly tarball no local data for es-to-primitive@https://registry.npmjs.org/es-to-primitive/-/es-to-primitive-1.3.0.tgz. Extracting by manifest.
1469 silly tarball no local data for es-set-tostringtag@https://registry.npmjs.org/es-set-tostringtag/-/es-set-tostringtag-2.1.0.tgz. Extracting by manifest.
1470 silly tarball no local data for data-view-byte-offset@https://registry.npmjs.org/data-view-byte-offset/-/data-view-byte-offset-1.0.1.tgz. Extracting by manifest.
1471 silly tarball no local data for data-view-byte-length@https://registry.npmjs.org/data-view-byte-length/-/data-view-byte-length-1.0.2.tgz. Extracting by manifest.
1472 silly tarball no local data for data-view-buffer@https://registry.npmjs.org/data-view-buffer/-/data-view-buffer-1.0.2.tgz. Extracting by manifest.
1473 silly tarball no local data for available-typed-arrays@https://registry.npmjs.org/available-typed-arrays/-/available-typed-arrays-1.0.7.tgz. Extracting by manifest.
1474 silly tarball no local data for arraybuffer.prototype.slice@https://registry.npmjs.org/arraybuffer.prototype.slice/-/arraybuffer.prototype.slice-1.0.4.tgz. Extracting by manifest.
1475 silly tarball no local data for array-buffer-byte-length@https://registry.npmjs.org/array-buffer-byte-length/-/array-buffer-byte-length-1.0.2.tgz. Extracting by manifest.
1476 silly tarball no local data for gopd@https://registry.npmjs.org/gopd/-/gopd-1.2.0.tgz. Extracting by manifest.
1477 silly tarball no local data for object-keys@https://registry.npmjs.org/object-keys/-/object-keys-1.1.1.tgz. Extracting by manifest.
1478 silly tarball no local data for has-property-descriptors@https://registry.npmjs.org/has-property-descriptors/-/has-property-descriptors-1.0.2.tgz. Extracting by manifest.
1479 silly tarball no local data for define-data-property@https://registry.npmjs.org/define-data-property/-/define-data-property-1.1.4.tgz. Extracting by manifest.
1480 silly tarball no local data for set-function-length@https://registry.npmjs.org/set-function-length/-/set-function-length-1.2.2.tgz. Extracting by manifest.
1481 silly tarball no local data for es-define-property@https://registry.npmjs.org/es-define-property/-/es-define-property-1.0.1.tgz. Extracting by manifest.
1482 silly tarball no local data for call-bind-apply-helpers@https://registry.npmjs.org/call-bind-apply-helpers/-/call-bind-apply-helpers-1.0.2.tgz. Extracting by manifest.
1483 silly tarball no local data for es-shim-unscopables@https://registry.npmjs.org/es-shim-unscopables/-/es-shim-unscopables-1.1.0.tgz. Extracting by manifest.
1484 silly tarball no local data for es-errors@https://registry.npmjs.org/es-errors/-/es-errors-1.3.0.tgz. Extracting by manifest.
1485 silly tarball no local data for math-intrinsics@https://registry.npmjs.org/math-intrinsics/-/math-intrinsics-1.1.0.tgz. Extracting by manifest.
1486 silly tarball no local data for is-string@https://registry.npmjs.org/is-string/-/is-string-1.1.1.tgz. Extracting by manifest.
1487 silly tarball no local data for get-intrinsic@https://registry.npmjs.org/get-intrinsic/-/get-intrinsic-1.3.0.tgz. Extracting by manifest.
1488 silly tarball no local data for es-object-atoms@https://registry.npmjs.org/es-object-atoms/-/es-object-atoms-1.1.1.tgz. Extracting by manifest.
1489 silly tarball no local data for es-abstract@https://registry.npmjs.org/es-abstract/-/es-abstract-1.24.1.tgz. Extracting by manifest.
1490 silly tarball no local data for define-properties@https://registry.npmjs.org/define-properties/-/define-properties-1.2.1.tgz. Extracting by manifest.
1491 silly tarball no local data for call-bound@https://registry.npmjs.org/call-bound/-/call-bound-1.0.4.tgz. Extracting by manifest.
1492 silly tarball no local data for call-bind@https://registry.npmjs.org/call-bind/-/call-bind-1.0.8.tgz. Extracting by manifest.
1493 silly tarball no local data for tsconfig-paths@https://registry.npmjs.org/tsconfig-paths/-/tsconfig-paths-3.15.0.tgz. Extracting by manifest.
1494 silly tarball no local data for string.prototype.trimend@https://registry.npmjs.org/string.prototype.trimend/-/string.prototype.trimend-1.0.9.tgz. Extracting by manifest.
1495 silly tarball no local data for object.values@https://registry.npmjs.org/object.values/-/object.values-1.2.1.tgz. Extracting by manifest.
1496 silly tarball no local data for object.groupby@https://registry.npmjs.org/object.groupby/-/object.groupby-1.0.3.tgz. Extracting by manifest.
1497 silly tarball no local data for object.fromentries@https://registry.npmjs.org/object.fromentries/-/object.fromentries-2.0.8.tgz. Extracting by manifest.
1498 silly tarball no local data for eslint-module-utils@https://registry.npmjs.org/eslint-module-utils/-/eslint-module-utils-2.12.1.tgz. Extracting by manifest.
1499 silly tarball no local data for array.prototype.flatmap@https://registry.npmjs.org/array.prototype.flatmap/-/array.prototype.flatmap-1.3.3.tgz. Extracting by manifest.
1500 silly tarball no local data for array.prototype.flat@https://registry.npmjs.org/array.prototype.flat/-/array.prototype.flat-1.3.3.tgz. Extracting by manifest.
1501 silly tarball no local data for array.prototype.findlastindex@https://registry.npmjs.org/array.prototype.findlastindex/-/array.prototype.findlastindex-1.2.6.tgz. Extracting by manifest.
1502 silly tarball no local data for @rtsao/scc@https://registry.npmjs.org/@rtsao/scc/-/scc-1.1.0.tgz. Extracting by manifest.
1503 silly tarball no local data for array-includes@https://registry.npmjs.org/array-includes/-/array-includes-3.1.9.tgz. Extracting by manifest.
1504 silly tarball no local data for unrs-resolver@https://registry.npmjs.org/unrs-resolver/-/unrs-resolver-1.11.1.tgz. Extracting by manifest.
1505 silly tarball no local data for stable-hash@https://registry.npmjs.org/stable-hash/-/stable-hash-0.0.5.tgz. Extracting by manifest.
1506 silly tarball no local data for is-bun-module@https://registry.npmjs.org/is-bun-module/-/is-bun-module-2.0.0.tgz. Extracting by manifest.
1507 silly tarball no local data for get-tsconfig@https://registry.npmjs.org/get-tsconfig/-/get-tsconfig-4.13.0.tgz. Extracting by manifest.
1508 silly tarball no local data for @nolyfill/is-core-module@https://registry.npmjs.org/@nolyfill/is-core-module/-/is-core-module-1.0.39.tgz. Extracting by manifest.
1509 silly tarball no local data for typescript@https://registry.npmjs.org/typescript/-/typescript-5.9.3.tgz. Extracting by manifest.
1510 silly tarball no local data for ts-api-utils@https://registry.npmjs.org/ts-api-utils/-/ts-api-utils-1.4.3.tgz. Extracting by manifest.
1511 silly tarball no local data for semver@https://registry.npmjs.org/semver/-/semver-7.7.3.tgz. Extracting by manifest.
1512 silly tarball no local data for globby@https://registry.npmjs.org/globby/-/globby-11.1.0.tgz. Extracting by manifest.
1513 silly tarball no local data for @typescript-eslint/visitor-keys@https://registry.npmjs.org/@typescript-eslint/visitor-keys/-/visitor-keys-6.21.0.tgz. Extracting by manifest.
1514 silly tarball no local data for @typescript-eslint/typescript-estree@https://registry.npmjs.org/@typescript-eslint/typescript-estree/-/typescript-estree-6.21.0.tgz. Extracting by manifest.
1515 silly tarball no local data for @typescript-eslint/types@https://registry.npmjs.org/@typescript-eslint/types/-/types-6.21.0.tgz. Extracting by manifest.
1516 silly tarball no local data for @typescript-eslint/scope-manager@https://registry.npmjs.org/@typescript-eslint/scope-manager/-/scope-manager-6.21.0.tgz. Extracting by manifest.
1517 silly tarball no local data for eslint-plugin-react-hooks@https://registry.npmjs.org/eslint-plugin-react-hooks/-/eslint-plugin-react-hooks-5.0.0-canary-7118f5dd7-20230705.tgz. Extracting by manifest.
1518 silly tarball no local data for eslint-plugin-react@https://registry.npmjs.org/eslint-plugin-react/-/eslint-plugin-react-7.37.5.tgz. Extracting by manifest.
1519 silly tarball no local data for eslint-plugin-jsx-a11y@https://registry.npmjs.org/eslint-plugin-jsx-a11y/-/eslint-plugin-jsx-a11y-6.10.2.tgz. Extracting by manifest.
1520 silly tarball no local data for eslint-plugin-import@https://registry.npmjs.org/eslint-plugin-import/-/eslint-plugin-import-2.32.0.tgz. Extracting by manifest.
1521 silly tarball no local data for eslint-import-resolver-typescript@https://registry.npmjs.org/eslint-import-resolver-typescript/-/eslint-import-resolver-typescript-3.10.1.tgz. Extracting by manifest.
1522 silly tarball no local data for eslint-import-resolver-node@https://registry.npmjs.org/eslint-import-resolver-node/-/eslint-import-resolver-node-0.3.9.tgz. Extracting by manifest.
1523 silly tarball no local data for @typescript-eslint/parser@https://registry.npmjs.org/@typescript-eslint/parser/-/parser-6.21.0.tgz. Extracting by manifest.
1524 silly tarball no local data for @rushstack/eslint-patch@https://registry.npmjs.org/@rushstack/eslint-patch/-/eslint-patch-1.15.0.tgz. Extracting by manifest.
1525 silly tarball no local data for @next/eslint-plugin-next@https://registry.npmjs.org/@next/eslint-plugin-next/-/eslint-plugin-next-14.1.0.tgz. Extracting by manifest.
1526 silly tarball no local data for eslint-config-next@https://registry.npmjs.org/eslint-config-next/-/eslint-config-next-14.1.0.tgz. Extracting by manifest.
1527 silly tarball no local data for emoji-regex@https://registry.npmjs.org/emoji-regex/-/emoji-regex-8.0.0.tgz. Extracting by manifest.
1528 silly tarball no local data for string-width@https://registry.npmjs.org/string-width/-/string-width-4.2.3.tgz. Extracting by manifest.
1529 silly tarball no local data for ansi-regex@https://registry.npmjs.org/ansi-regex/-/ansi-regex-6.2.2.tgz. Extracting by manifest.
1530 silly tarball no local data for strip-ansi@https://registry.npmjs.org/strip-ansi/-/strip-ansi-7.1.2.tgz. Extracting by manifest.
1531 silly tarball no local data for ansi-styles@https://registry.npmjs.org/ansi-styles/-/ansi-styles-6.2.3.tgz. Extracting by manifest.
1532 silly tarball no local data for emoji-regex@https://registry.npmjs.org/emoji-regex/-/emoji-regex-8.0.0.tgz. Extracting by manifest.
1533 silly tarball no local data for ansi-regex@https://registry.npmjs.org/ansi-regex/-/ansi-regex-6.2.2.tgz. Extracting by manifest.
1534 silly tarball no local data for strip-ansi@https://registry.npmjs.org/strip-ansi/-/strip-ansi-7.1.2.tgz. Extracting by manifest.
1535 silly tarball no local data for ansi-regex@https://registry.npmjs.org/ansi-regex/-/ansi-regex-6.2.2.tgz. Extracting by manifest.
1536 silly tarball no local data for strip-ansi@https://registry.npmjs.org/strip-ansi/-/strip-ansi-7.1.2.tgz. Extracting by manifest.
1537 silly tarball no local data for debug@https://registry.npmjs.org/debug/-/debug-3.2.7.tgz. Extracting by manifest.
1538 silly tarball no local data for brace-expansion@https://registry.npmjs.org/brace-expansion/-/brace-expansion-2.0.2.tgz. Extracting by manifest.
1539 silly tarball no local data for minimatch@https://registry.npmjs.org/minimatch/-/minimatch-9.0.3.tgz. Extracting by manifest.
1540 silly tarball no local data for semver@https://registry.npmjs.org/semver/-/semver-6.3.1.tgz. Extracting by manifest.
1541 silly tarball no local data for resolve@https://registry.npmjs.org/resolve/-/resolve-2.0.0-next.5.tgz. Extracting by manifest.
1542 silly tarball no local data for doctrine@https://registry.npmjs.org/doctrine/-/doctrine-2.1.0.tgz. Extracting by manifest.
1543 silly tarball no local data for semver@https://registry.npmjs.org/semver/-/semver-6.3.1.tgz. Extracting by manifest.
1544 silly tarball no local data for doctrine@https://registry.npmjs.org/doctrine/-/doctrine-2.1.0.tgz. Extracting by manifest.
1545 silly tarball no local data for debug@https://registry.npmjs.org/debug/-/debug-3.2.7.tgz. Extracting by manifest.
1546 silly tarball no local data for debug@https://registry.npmjs.org/debug/-/debug-3.2.7.tgz. Extracting by manifest.
1547 silly tarball no local data for brace-expansion@https://registry.npmjs.org/brace-expansion/-/brace-expansion-2.0.2.tgz. Extracting by manifest.
1548 silly tarball no local data for minimatch@https://registry.npmjs.org/minimatch/-/minimatch-9.0.5.tgz. Extracting by manifest.
1549 silly tarball no local data for glob@https://registry.npmjs.org/glob/-/glob-10.3.10.tgz. Extracting by manifest.
1550 silly tarball no local data for axe-core@https://registry.npmjs.org/axe-core/-/axe-core-4.11.0.tgz. Extracting by manifest.
1551 http fetch POST 200 https://registry.npmjs.org/-/npm/v1/security/advisories/bulk 639ms
1552 silly audit report {
1552 silly audit report   glob: [
1552 silly audit report     {
1552 silly audit report       id: 1109842,
1552 silly audit report       url: 'https://github.com/advisories/GHSA-5j98-mcp5-4vw2',
1552 silly audit report       title: 'glob CLI: Command injection via -c/--cmd executes matches with shell:true',
1552 silly audit report       severity: 'high',
1552 silly audit report       vulnerable_versions: '>=10.2.0 <10.5.0',
1552 silly audit report       cwe: [Array],
1552 silly audit report       cvss: [Object]
1552 silly audit report     }
1552 silly audit report   ],
1552 silly audit report   next: [
1552 silly audit report     {
1552 silly audit report       id: 1099638,
1552 silly audit report       url: 'https://github.com/advisories/GHSA-gp8f-8m3g-qvj9',
1552 silly audit report       title: 'Next.js Cache Poisoning',
1552 silly audit report       severity: 'high',
1552 silly audit report       vulnerable_versions: '>=14.0.0 <14.2.10',
1552 silly audit report       cwe: [Array],
1552 silly audit report       cvss: [Object]
1552 silly audit report     },
1552 silly audit report     {
1552 silly audit report       id: 1100421,
1552 silly audit report       url: 'https://github.com/advisories/GHSA-g77x-44xx-532m',
1552 silly audit report       title: 'Denial of Service condition in Next.js image optimization',
1552 silly audit report       severity: 'moderate',
1552 silly audit report       vulnerable_versions: '>=10.0.0 <14.2.7',
1552 silly audit report       cwe: [Array],
1552 silly audit report       cvss: [Object]
1552 silly audit report     },
1552 silly audit report     {
1552 silly audit report       id: 1101438,
1552 silly audit report       url: 'https://github.com/advisories/GHSA-7m27-7ghc-44w9',
1552 silly audit report       title: 'Next.js Allows a Denial of Service (DoS) with Server Actions',
1552 silly audit report       severity: 'moderate',
1552 silly audit report       vulnerable_versions: '>=14.0.0 <14.2.21',
1552 silly audit report       cwe: [Array],
1552 silly audit report       cvss: [Object]
1552 silly audit report     },
1552 silly audit report     {
1552 silly audit report       id: 1105461,
1552 silly audit report       url: 'https://github.com/advisories/GHSA-3h52-269p-cp9r',
1552 silly audit report       title: 'Information exposure in Next.js dev server due to lack of origin verification',
1552 silly audit report       severity: 'low',
1552 silly audit report       vulnerable_versions: '>=13.0 <14.2.30',
1552 silly audit report       cwe: [Array],
1552 silly audit report       cvss: [Object]
1552 silly audit report     },
1552 silly audit report     {
1552 silly audit report       id: 1111391,
1552 silly audit report       url: 'https://github.com/advisories/GHSA-mwv6-3258-q52c',
1552 silly audit report       title: 'Next Vulnerable to Denial of Service with Server Components',
1552 silly audit report       severity: 'high',
1552 silly audit report       vulnerable_versions: '>=13.3.0 <14.2.34',
1552 silly audit report       cwe: [Array],
1552 silly audit report       cvss: [Object]
1552 silly audit report     },
1552 silly audit report     {
1552 silly audit report       id: 1111461,
1552 silly audit report       url: 'https://github.com/advisories/GHSA-5j59-xgg2-r9c4',
1552 silly audit report       title: 'Next has a Denial of Service with Server Components - Incomplete Fix Follow-Up',
1552 silly audit report       severity: 'high',
1552 silly audit report       vulnerable_versions: '>=13.3.1-canary.0 <14.2.35',
1552 silly audit report       cwe: [Array],
1552 silly audit report       cvss: [Object]
1552 silly audit report     },
1552 silly audit report     {
1552 silly audit report       id: 1107226,
1552 silly audit report       url: 'https://github.com/advisories/GHSA-g5qg-72qw-gw5v',
1552 silly audit report       title: 'Next.js Affected by Cache Key Confusion for Image Optimization API Routes',
1552 silly audit report       severity: 'moderate',
1552 silly audit report       vulnerable_versions: '>=0.9.9 <14.2.31',
1552 silly audit report       cwe: [Array],
1552 silly audit report       cvss: [Object]
1552 silly audit report     },
1552 silly audit report     {
1552 silly audit report       id: 1107420,
1552 silly audit report       url: 'https://github.com/advisories/GHSA-7gfc-8cq8-jh5f',
1552 silly audit report       title: 'Next.js authorization bypass vulnerability',
1552 silly audit report       severity: 'high',
1552 silly audit report       vulnerable_versions: '>=9.5.5 <14.2.15',
1552 silly audit report       cwe: [Array],
1552 silly audit report       cvss: [Object]
1552 silly audit report     },
1552 silly audit report     {
1552 silly audit report       id: 1107512,
1552 silly audit report       url: 'https://github.com/advisories/GHSA-4342-x723-ch2f',
1552 silly audit report       title: 'Next.js Improper Middleware Redirect Handling Leads to SSRF',
1552 silly audit report       severity: 'moderate',
1552 silly audit report       vulnerable_versions: '>=0.9.9 <14.2.32',
1552 silly audit report       cwe: [Array],
1552 silly audit report       cvss: [Object]
1552 silly audit report     },
1552 silly audit report     {
1552 silly audit report       id: 1107513,
1552 silly audit report       url: 'https://github.com/advisories/GHSA-xv57-4mr9-wg8v',
1552 silly audit report       title: 'Next.js Content Injection Vulnerability for Image Optimization',
1552 silly audit report       severity: 'moderate',
1552 silly audit report       vulnerable_versions: '>=0.9.9 <14.2.31',
1552 silly audit report       cwe: [Array],
1552 silly audit report       cvss: [Object]
1552 silly audit report     },
1552 silly audit report     {
1552 silly audit report       id: 1108291,
1552 silly audit report       url: 'https://github.com/advisories/GHSA-qpjv-v59x-3qc4',
1552 silly audit report       title: 'Next.js Race Condition to Cache Poisoning',
1552 silly audit report       severity: 'low',
1552 silly audit report       vulnerable_versions: '>=0.9.9 <14.2.24',
1552 silly audit report       cwe: [Array],
1552 silly audit report       cvss: [Object]
1552 silly audit report     },
1552 silly audit report     {
1552 silly audit report       id: 1108953,
1552 silly audit report       url: 'https://github.com/advisories/GHSA-f82v-jwr5-mffw',
1552 silly audit report       title: 'Authorization Bypass in Next.js Middleware',
1552 silly audit report       severity: 'critical',
1552 silly audit report       vulnerable_versions: '>=14.0.0 <14.2.25',
1552 silly audit report       cwe: [Array],
1552 silly audit report       cvss: [Object]
1552 silly audit report     },
1552 silly audit report     {
1552 silly audit report       id: 1097295,
1552 silly audit report       url: 'https://github.com/advisories/GHSA-fr5h-rqp8-mj6g',
1552 silly audit report       title: 'Next.js Server-Side Request Forgery in Server Actions',
1552 silly audit report       severity: 'high',
1552 silly audit report       vulnerable_versions: '>=13.4.0 <14.1.1',
1552 silly audit report       cwe: [Array],
1552 silly audit report       cvss: [Object]
1552 silly audit report     }
1552 silly audit report   ]
1552 silly audit report }
1553 silly packumentCache corgi:https://registry.npmjs.org/glob cache-miss
1554 silly packumentCache corgi:https://registry.npmjs.org/next cache-miss
1555 http fetch GET 200 https://registry.npmjs.org/eastasianwidth/-/eastasianwidth-0.2.0.tgz 1998ms (cache miss)
1556 http fetch GET 200 https://registry.npmjs.org/is-weakmap/-/is-weakmap-2.0.2.tgz 2114ms (cache miss)
1557 http fetch GET 200 https://registry.npmjs.org/is-fullwidth-code-point/-/is-fullwidth-code-point-3.0.0.tgz 2331ms (cache miss)
1558 http fetch GET 200 https://registry.npmjs.org/is-map/-/is-map-2.0.3.tgz 2323ms (cache miss)
1559 http fetch GET 200 https://registry.npmjs.org/async-function/-/async-function-1.0.0.tgz 2338ms (cache miss)
1560 http fetch GET 200 https://registry.npmjs.org/which-collection/-/which-collection-1.0.2.tgz 2492ms (cache miss)
1561 http fetch GET 200 https://registry.npmjs.org/is-finalizationregistry/-/is-finalizationregistry-1.1.1.tgz 2691ms (cache miss)
1562 http fetch GET 200 https://registry.npmjs.org/is-generator-function/-/is-generator-function-1.1.2.tgz 2704ms (cache miss)
1563 http cache https://registry.npmjs.org/next 2607ms (cache hit)
1564 silly packumentCache corgi:https://registry.npmjs.org/next set size:23040026 disposed:false
1565 http fetch GET 200 https://registry.npmjs.org/is-number-object/-/is-number-object-1.1.1.tgz 5138ms (cache miss)
1566 http fetch GET 200 https://registry.npmjs.org/generator-function/-/generator-function-2.0.1.tgz 5422ms (cache miss)
1567 http fetch GET 200 https://registry.npmjs.org/is-async-function/-/is-async-function-2.1.1.tgz 5461ms (cache miss)
1568 http fetch GET 200 https://registry.npmjs.org/is-boolean-object/-/is-boolean-object-1.2.2.tgz 5461ms (cache miss)
1569 http fetch GET 200 https://registry.npmjs.org/has-bigints/-/has-bigints-1.1.0.tgz 5465ms (cache miss)
1570 http fetch GET 200 https://registry.npmjs.org/react-is/-/react-is-16.13.1.tgz 5452ms (cache miss)
1571 http fetch GET 200 https://registry.npmjs.org/side-channel-weakmap/-/side-channel-weakmap-1.0.2.tgz 5482ms (cache miss)
1572 http fetch GET 200 https://registry.npmjs.org/string-width/-/string-width-4.2.3.tgz 5577ms (cache miss)
1573 http fetch GET 200 https://registry.npmjs.org/string-width/-/string-width-5.1.2.tgz 5579ms (cache miss)
1574 http fetch GET 200 https://registry.npmjs.org/strip-bom/-/strip-bom-3.0.0.tgz 5553ms (cache miss)
1575 http fetch GET 200 https://registry.npmjs.org/path-type/-/path-type-4.0.0.tgz 5541ms (cache miss)
1576 http fetch GET 200 https://registry.npmjs.org/slash/-/slash-3.0.0.tgz 5544ms (cache miss)
1577 http fetch GET 200 https://registry.npmjs.org/set-function-name/-/set-function-name-2.0.2.tgz 5647ms (cache miss)
1578 http fetch GET 200 https://registry.npmjs.org/array-union/-/array-union-2.1.0.tgz 5644ms (cache miss)
1579 http fetch GET 200 https://registry.npmjs.org/functions-have-names/-/functions-have-names-1.2.3.tgz 5645ms (cache miss)
1580 http fetch GET 200 https://registry.npmjs.org/@isaacs/cliui/-/cliui-8.0.2.tgz 5807ms (cache miss)
1581 http fetch GET 200 https://registry.npmjs.org/isarray/-/isarray-2.0.5.tgz 5782ms (cache miss)
1582 http fetch GET 200 https://registry.npmjs.org/side-channel-list/-/side-channel-list-1.0.0.tgz 5785ms (cache miss)
1583 http fetch GET 200 https://registry.npmjs.org/@types/json5/-/json5-0.0.29.tgz 5791ms (cache miss)
1584 http fetch GET 200 https://registry.npmjs.org/dir-glob/-/dir-glob-3.0.1.tgz 5775ms (cache miss)
1585 http fetch GET 200 https://registry.npmjs.org/iterator.prototype/-/iterator.prototype-1.1.5.tgz 5774ms (cache miss)
1586 http fetch GET 200 https://registry.npmjs.org/typed-array-length/-/typed-array-length-1.0.7.tgz 5743ms (cache miss)
1587 http fetch GET 200 https://registry.npmjs.org/wrap-ansi/-/wrap-ansi-7.0.0.tgz 5875ms (cache miss)
1588 http fetch GET 200 https://registry.npmjs.org/wrap-ansi/-/wrap-ansi-8.1.0.tgz 6067ms (cache miss)
1589 http fetch GET 200 https://registry.npmjs.org/is-date-object/-/is-date-object-1.1.0.tgz 6004ms (cache miss)
1590 http fetch GET 200 https://registry.npmjs.org/unbox-primitive/-/unbox-primitive-1.1.0.tgz 6005ms (cache miss)
1591 http fetch GET 200 https://registry.npmjs.org/which-typed-array/-/which-typed-array-1.1.19.tgz 6013ms (cache miss)
1592 http fetch GET 200 https://registry.npmjs.org/language-tags/-/language-tags-1.0.9.tgz 6078ms (cache miss)
1593 http fetch GET 200 https://registry.npmjs.org/stop-iteration-iterator/-/stop-iteration-iterator-1.1.0.tgz 6060ms (cache miss)
1594 http fetch GET 200 https://registry.npmjs.org/safe-array-concat/-/safe-array-concat-1.1.3.tgz 6062ms (cache miss)
1595 http fetch GET 200 https://registry.npmjs.org/typed-array-byte-offset/-/typed-array-byte-offset-1.0.4.tgz 6075ms (cache miss)
1596 http fetch GET 200 https://registry.npmjs.org/is-weakref/-/is-weakref-1.1.1.tgz 6058ms (cache miss)
1597 http fetch GET 200 https://registry.npmjs.org/damerau-levenshtein/-/damerau-levenshtein-1.0.8.tgz 6144ms (cache miss)
1598 http fetch GET 200 https://registry.npmjs.org/is-symbol/-/is-symbol-1.1.1.tgz 6144ms (cache miss)
1599 http fetch GET 200 https://registry.npmjs.org/safe-regex-test/-/safe-regex-test-1.1.0.tgz 6141ms (cache miss)
1600 http fetch GET 200 https://registry.npmjs.org/safe-push-apply/-/safe-push-apply-1.0.0.tgz 6143ms (cache miss)
1601 http fetch GET 200 https://registry.npmjs.org/has-proto/-/has-proto-1.2.0.tgz 6126ms (cache miss)
1602 http fetch GET 200 https://registry.npmjs.org/dunder-proto/-/dunder-proto-1.0.1.tgz 6282ms (cache miss)
1603 http fetch GET 200 https://registry.npmjs.org/side-channel-map/-/side-channel-map-1.0.1.tgz 6306ms (cache miss)
1604 http fetch GET 200 https://registry.npmjs.org/possible-typed-array-names/-/possible-typed-array-names-1.1.0.tgz 6254ms (cache miss)
1605 http fetch GET 200 https://registry.npmjs.org/own-keys/-/own-keys-1.0.1.tgz 6235ms (cache miss)
1606 http fetch GET 200 https://registry.npmjs.org/is-callable/-/is-callable-1.2.7.tgz 6227ms (cache miss)
1607 http fetch GET 200 https://registry.npmjs.org/is-shared-array-buffer/-/is-shared-array-buffer-1.0.4.tgz 6235ms (cache miss)
1608 http fetch GET 200 https://registry.npmjs.org/resolve-pkg-maps/-/resolve-pkg-maps-1.0.0.tgz 6334ms (cache miss)
1609 http fetch GET 200 https://registry.npmjs.org/which-boxed-primitive/-/which-boxed-primitive-1.1.1.tgz 6364ms (cache miss)
1610 http fetch GET 200 https://registry.npmjs.org/string.prototype.repeat/-/string.prototype.repeat-1.0.0.tgz 6332ms (cache miss)
1611 http fetch GET 200 https://registry.npmjs.org/is-array-buffer/-/is-array-buffer-3.0.5.tgz 6272ms (cache miss)
1612 http fetch GET 200 https://registry.npmjs.org/is-typed-array/-/is-typed-array-1.1.15.tgz 6279ms (cache miss)
1613 http fetch GET 200 https://registry.npmjs.org/es-set-tostringtag/-/es-set-tostringtag-2.1.0.tgz 6296ms (cache miss)
1614 http fetch GET 200 https://registry.npmjs.org/data-view-byte-offset/-/data-view-byte-offset-1.0.1.tgz 6300ms (cache miss)
1615 http fetch GET 200 https://registry.npmjs.org/gopd/-/gopd-1.2.0.tgz 6289ms (cache miss)
1616 http fetch GET 200 https://registry.npmjs.org/es-define-property/-/es-define-property-1.0.1.tgz 6289ms (cache miss)
1617 http fetch GET 200 https://registry.npmjs.org/is-bigint/-/is-bigint-1.1.0.tgz 6442ms (cache miss)
1618 http fetch GET 200 https://registry.npmjs.org/is-negative-zero/-/is-negative-zero-2.0.3.tgz 6352ms (cache miss)
1619 http fetch GET 200 https://registry.npmjs.org/get-symbol-description/-/get-symbol-description-1.1.0.tgz 6346ms (cache miss)
1620 http fetch GET 200 https://registry.npmjs.org/has-property-descriptors/-/has-property-descriptors-1.0.2.tgz 6330ms (cache miss)
1621 http fetch GET 200 https://registry.npmjs.org/object-keys/-/object-keys-1.1.1.tgz 6332ms (cache miss)
1622 http fetch GET 200 https://registry.npmjs.org/is-string/-/is-string-1.1.1.tgz 6323ms (cache miss)
1623 http fetch GET 200 https://registry.npmjs.org/is-weakset/-/is-weakset-2.0.4.tgz 6505ms (cache miss)
1624 http fetch GET 200 https://registry.npmjs.org/for-each/-/for-each-0.3.5.tgz 6491ms (cache miss)
1625 http fetch GET 200 https://registry.npmjs.org/reflect.getprototypeof/-/reflect.getprototypeof-1.0.10.tgz 6493ms (cache miss)
1626 http fetch GET 200 https://registry.npmjs.org/side-channel/-/side-channel-1.1.0.tgz 6479ms (cache miss)
1627 http fetch GET 200 https://registry.npmjs.org/prop-types/-/prop-types-15.8.1.tgz 6478ms (cache miss)
1628 http fetch GET 200 https://registry.npmjs.org/data-view-byte-length/-/data-view-byte-length-1.0.2.tgz 6416ms (cache miss)
1629 http fetch GET 200 https://registry.npmjs.org/define-data-property/-/define-data-property-1.1.4.tgz 6403ms (cache miss)
1630 http fetch GET 200 https://registry.npmjs.org/@rtsao/scc/-/scc-1.1.0.tgz 6383ms (cache miss)
1631 http fetch GET 200 https://registry.npmjs.org/object.groupby/-/object.groupby-1.0.3.tgz 6404ms (cache miss)
1632 http fetch GET 200 https://registry.npmjs.org/call-bind/-/call-bind-1.0.8.tgz 6413ms (cache miss)
1633 http fetch GET 200 https://registry.npmjs.org/available-typed-arrays/-/available-typed-arrays-1.0.7.tgz 6469ms (cache miss)
1634 http fetch GET 200 https://registry.npmjs.org/get-proto/-/get-proto-1.0.1.tgz 6479ms (cache miss)
1635 http fetch GET 200 https://registry.npmjs.org/set-function-length/-/set-function-length-1.2.2.tgz 6486ms (cache miss)
1636 http fetch GET 200 https://registry.npmjs.org/@nolyfill/is-core-module/-/is-core-module-1.0.39.tgz 6436ms (cache miss)
1637 http fetch GET 200 https://registry.npmjs.org/stable-hash/-/stable-hash-0.0.5.tgz 6460ms (cache miss)
1638 http fetch GET 200 https://registry.npmjs.org/is-bun-module/-/is-bun-module-2.0.0.tgz 6456ms (cache miss)
1639 http fetch GET 200 https://registry.npmjs.org/@typescript-eslint/visitor-keys/-/visitor-keys-6.21.0.tgz 6468ms (cache miss)
1640 http fetch GET 200 https://registry.npmjs.org/string.prototype.trimstart/-/string.prototype.trimstart-1.0.8.tgz 6589ms (cache miss)
1641 http fetch GET 200 https://registry.npmjs.org/es-shim-unscopables/-/es-shim-unscopables-1.1.0.tgz 6537ms (cache miss)
1642 http fetch GET 200 https://registry.npmjs.org/call-bound/-/call-bound-1.0.4.tgz 6536ms (cache miss)
1643 http fetch GET 200 https://registry.npmjs.org/eslint-import-resolver-node/-/eslint-import-resolver-node-0.3.9.tgz 6453ms (cache miss)
1644 http fetch GET 200 https://registry.npmjs.org/set-proto/-/set-proto-1.0.0.tgz 6617ms (cache miss)
1645 http fetch GET 200 https://registry.npmjs.org/es-object-atoms/-/es-object-atoms-1.1.1.tgz 6565ms (cache miss)
1646 http fetch GET 200 https://registry.npmjs.org/eslint-import-resolver-typescript/-/eslint-import-resolver-typescript-3.10.1.tgz 6487ms (cache miss)
1647 http fetch GET 200 https://registry.npmjs.org/string-width/-/string-width-4.2.3.tgz 6470ms (cache miss)
1648 http fetch GET 200 https://registry.npmjs.org/emoji-regex/-/emoji-regex-8.0.0.tgz 6466ms (cache miss)
1649 http fetch GET 200 https://registry.npmjs.org/strip-ansi/-/strip-ansi-7.1.2.tgz 6469ms (cache miss)
1650 http fetch GET 200 https://registry.npmjs.org/eslint-config-next/-/eslint-config-next-14.1.0.tgz 6475ms (cache miss)
1651 http fetch GET 200 https://registry.npmjs.org/ansi-regex/-/ansi-regex-6.2.2.tgz 6471ms (cache miss)
1652 http fetch GET 200 https://registry.npmjs.org/globby/-/globby-11.1.0.tgz 6524ms (cache miss)
1653 http fetch GET 200 https://registry.npmjs.org/typed-array-byte-length/-/typed-array-byte-length-1.0.3.tgz 6668ms (cache miss)
1654 http fetch GET 200 https://registry.npmjs.org/typed-array-buffer/-/typed-array-buffer-1.0.3.tgz 6666ms (cache miss)
1655 http fetch GET 200 https://registry.npmjs.org/is-data-view/-/is-data-view-1.0.2.tgz 6643ms (cache miss)
1656 http fetch GET 200 https://registry.npmjs.org/which-builtin-type/-/which-builtin-type-1.2.1.tgz 6749ms (cache miss)
1657 http fetch GET 200 https://registry.npmjs.org/ast-types-flow/-/ast-types-flow-0.0.8.tgz 6702ms (cache miss)
1658 http fetch GET 200 https://registry.npmjs.org/unrs-resolver/-/unrs-resolver-1.11.1.tgz 6617ms (cache miss)
1659 http fetch GET 200 https://registry.npmjs.org/brace-expansion/-/brace-expansion-2.0.2.tgz 6533ms (cache miss)
1660 http fetch GET 200 https://registry.npmjs.org/ansi-styles/-/ansi-styles-6.2.3.tgz 6547ms (cache miss)
1661 http fetch GET 200 https://registry.npmjs.org/json5/-/json5-1.0.2.tgz 6787ms (cache miss)
1662 http fetch GET 200 https://registry.npmjs.org/arraybuffer.prototype.slice/-/arraybuffer.prototype.slice-1.0.4.tgz 6679ms (cache miss)
1663 http fetch GET 200 https://registry.npmjs.org/is-set/-/is-set-2.0.3.tgz 6705ms (cache miss)
1664 http fetch GET 200 https://registry.npmjs.org/eslint-plugin-react-hooks/-/eslint-plugin-react-hooks-5.0.0-canary-7118f5dd7-20230705.tgz 6608ms (cache miss)
1665 http fetch GET 200 https://registry.npmjs.org/strip-ansi/-/strip-ansi-7.1.2.tgz 6580ms (cache miss)
1666 http fetch GET 200 https://registry.npmjs.org/strip-ansi/-/strip-ansi-7.1.2.tgz 6583ms (cache miss)
1667 http fetch GET 200 https://registry.npmjs.org/ansi-regex/-/ansi-regex-6.2.2.tgz 6584ms (cache miss)
1668 http fetch GET 200 https://registry.npmjs.org/emoji-regex/-/emoji-regex-8.0.0.tgz 6593ms (cache miss)
1669 http fetch GET 200 https://registry.npmjs.org/ansi-regex/-/ansi-regex-6.2.2.tgz 6585ms (cache miss)
1670 http fetch GET 200 https://registry.npmjs.org/array.prototype.findlast/-/array.prototype.findlast-1.2.5.tgz 6791ms (cache miss)
1671 http fetch GET 200 https://registry.npmjs.org/globalthis/-/globalthis-1.0.4.tgz 6735ms (cache miss)
1672 http fetch GET 200 https://registry.npmjs.org/data-view-buffer/-/data-view-buffer-1.0.2.tgz 6730ms (cache miss)
1673 http fetch GET 200 https://registry.npmjs.org/array-buffer-byte-length/-/array-buffer-byte-length-1.0.2.tgz 6723ms (cache miss)
1674 http fetch GET 200 https://registry.npmjs.org/define-properties/-/define-properties-1.2.1.tgz 6706ms (cache miss)
1675 http fetch GET 200 https://registry.npmjs.org/semver/-/semver-6.3.1.tgz 6595ms (cache miss)
1676 http fetch GET 200 https://registry.npmjs.org/is-regex/-/is-regex-1.2.1.tgz 6776ms (cache miss)
1677 http fetch GET 200 https://registry.npmjs.org/get-intrinsic/-/get-intrinsic-1.3.0.tgz 6763ms (cache miss)
1678 http fetch GET 200 https://registry.npmjs.org/brace-expansion/-/brace-expansion-2.0.2.tgz 6628ms (cache miss)
1679 http fetch GET 200 https://registry.npmjs.org/array.prototype.tosorted/-/array.prototype.tosorted-1.1.4.tgz 6859ms (cache miss)
1680 http fetch GET 200 https://registry.npmjs.org/internal-slot/-/internal-slot-1.1.0.tgz 6823ms (cache miss)
1681 http fetch GET 200 https://registry.npmjs.org/semver/-/semver-6.3.1.tgz 6668ms (cache miss)
1682 http fetch GET 200 https://registry.npmjs.org/debug/-/debug-3.2.7.tgz 6676ms (cache miss)
1683 http fetch GET 200 https://registry.npmjs.org/has-symbols/-/has-symbols-1.1.0.tgz 6834ms (cache miss)
1684 http fetch GET 200 https://registry.npmjs.org/es-errors/-/es-errors-1.3.0.tgz 6804ms (cache miss)
1685 http fetch GET 200 https://registry.npmjs.org/object.fromentries/-/object.fromentries-2.0.8.tgz 6795ms (cache miss)
1686 http fetch GET 200 https://registry.npmjs.org/string.prototype.trimend/-/string.prototype.trimend-1.0.9.tgz 6799ms (cache miss)
1687 http fetch GET 200 https://registry.npmjs.org/debug/-/debug-3.2.7.tgz 6682ms (cache miss)
1688 http fetch GET 200 https://registry.npmjs.org/emoji-regex/-/emoji-regex-9.2.2.tgz 6920ms (cache miss)
1689 http fetch GET 200 https://registry.npmjs.org/call-bind-apply-helpers/-/call-bind-apply-helpers-1.0.2.tgz 6861ms (cache miss)
1690 http fetch GET 200 https://registry.npmjs.org/array.prototype.flat/-/array.prototype.flat-1.3.3.tgz 6836ms (cache miss)
1691 http fetch GET 200 https://registry.npmjs.org/doctrine/-/doctrine-2.1.0.tgz 6742ms (cache miss)
1692 http fetch GET 200 https://registry.npmjs.org/doctrine/-/doctrine-2.1.0.tgz 6772ms (cache miss)
1693 http fetch GET 200 https://registry.npmjs.org/function.prototype.name/-/function.prototype.name-1.1.8.tgz 6928ms (cache miss)
1694 http fetch GET 200 https://registry.npmjs.org/array.prototype.findlastindex/-/array.prototype.findlastindex-1.2.6.tgz 6876ms (cache miss)
1695 http fetch GET 200 https://registry.npmjs.org/object.values/-/object.values-1.2.1.tgz 6894ms (cache miss)
1696 http fetch GET 200 https://registry.npmjs.org/@typescript-eslint/parser/-/parser-6.21.0.tgz 6804ms (cache miss)
1697 http fetch GET 200 https://registry.npmjs.org/array.prototype.flatmap/-/array.prototype.flatmap-1.3.3.tgz 6899ms (cache miss)
1698 http fetch GET 200 https://registry.npmjs.org/array-includes/-/array-includes-3.1.9.tgz 6899ms (cache miss)
1699 http fetch GET 200 https://registry.npmjs.org/has-tostringtag/-/has-tostringtag-1.0.2.tgz 7051ms (cache miss)
1700 http fetch GET 200 https://registry.npmjs.org/object.assign/-/object.assign-4.1.7.tgz 7095ms (cache miss)
1701 http fetch GET 200 https://registry.npmjs.org/string.prototype.trim/-/string.prototype.trim-1.2.10.tgz 7105ms (cache miss)
1702 http fetch GET 200 https://registry.npmjs.org/es-to-primitive/-/es-to-primitive-1.3.0.tgz 7085ms (cache miss)
1703 http fetch GET 200 https://registry.npmjs.org/string.prototype.matchall/-/string.prototype.matchall-4.0.12.tgz 7177ms (cache miss)
1704 http fetch GET 200 https://registry.npmjs.org/eslint-module-utils/-/eslint-module-utils-2.12.1.tgz 7070ms (cache miss)
1705 http fetch GET 200 https://registry.npmjs.org/glob 6715ms (cache miss)
1706 silly packumentCache corgi:https://registry.npmjs.org/glob set size:undefined disposed:false
1707 http fetch GET 200 https://registry.npmjs.org/debug/-/debug-3.2.7.tgz 6993ms (cache miss)
1708 http fetch GET 200 https://registry.npmjs.org/object.entries/-/object.entries-1.1.9.tgz 7216ms (cache miss)
1709 http fetch GET 200 https://registry.npmjs.org/string.prototype.includes/-/string.prototype.includes-2.0.1.tgz 7253ms (cache miss)
1710 http fetch GET 200 https://registry.npmjs.org/get-tsconfig/-/get-tsconfig-4.13.0.tgz 7132ms (cache miss)
1711 http fetch GET 200 https://registry.npmjs.org/regexp.prototype.flags/-/regexp.prototype.flags-1.5.4.tgz 7273ms (cache miss)
1712 http fetch GET 200 https://registry.npmjs.org/@pkgjs/parseargs/-/parseargs-0.11.0.tgz 7425ms (cache miss)
1713 http fetch GET 200 https://registry.npmjs.org/math-intrinsics/-/math-intrinsics-1.1.0.tgz 7357ms (cache miss)
1714 silly packumentCache corgi:https://registry.npmjs.org/@next%2feslint-plugin-next cache-miss
1715 http fetch GET 200 https://registry.npmjs.org/ts-api-utils/-/ts-api-utils-1.4.3.tgz 7356ms (cache miss)
1716 http fetch GET 200 https://registry.npmjs.org/minimist/-/minimist-1.2.8.tgz 7615ms (cache miss)
1717 http fetch GET 200 https://registry.npmjs.org/napi-postinstall/-/napi-postinstall-0.3.4.tgz 7624ms (cache miss)
1718 http fetch GET 200 https://registry.npmjs.org/minipass/-/minipass-7.1.2.tgz 7829ms (cache miss)
1719 http fetch GET 200 https://registry.npmjs.org/object-inspect/-/object-inspect-1.13.4.tgz 7724ms (cache miss)
1720 http fetch GET 200 https://registry.npmjs.org/@typescript-eslint/types/-/types-6.21.0.tgz 7626ms (cache miss)
1721 http fetch GET 200 https://registry.npmjs.org/path-scurry/-/path-scurry-1.11.1.tgz 8095ms (cache miss)
1722 http fetch GET 200 https://registry.npmjs.org/signal-exit/-/signal-exit-4.1.0.tgz 8206ms (cache miss)
1723 http fetch GET 200 https://registry.npmjs.org/jackspeak/-/jackspeak-2.3.6.tgz 8209ms (cache miss)
1724 http fetch GET 200 https://registry.npmjs.org/@next/eslint-plugin-next/-/eslint-plugin-next-14.1.0.tgz 7981ms (cache miss)
1725 http fetch GET 200 https://registry.npmjs.org/semver/-/semver-7.7.3.tgz 8057ms (cache miss)
1726 http fetch GET 200 https://registry.npmjs.org/language-subtag-registry/-/language-subtag-registry-0.3.23.tgz 8322ms (cache miss)
1727 http fetch GET 200 https://registry.npmjs.org/foreground-child/-/foreground-child-3.3.1.tgz 8360ms (cache miss)
1728 http fetch GET 200 https://registry.npmjs.org/lru-cache/-/lru-cache-10.4.3.tgz 8339ms (cache miss)
1729 http fetch GET 200 https://registry.npmjs.org/@unrs/resolver-binding-darwin-x64/-/resolver-binding-darwin-x64-1.11.1.tgz 8440ms (cache miss)
1730 http fetch GET 200 https://registry.npmjs.org/minimatch/-/minimatch-9.0.5.tgz 8539ms (cache miss)
1731 http fetch GET 200 https://registry.npmjs.org/minimatch/-/minimatch-9.0.3.tgz 8594ms (cache miss)
1732 http fetch GET 200 https://registry.npmjs.org/axe-core/-/axe-core-4.11.0.tgz 8582ms (cache miss)
1733 http fetch GET 200 https://registry.npmjs.org/tsconfig-paths/-/tsconfig-paths-3.15.0.tgz 8791ms (cache miss)
1734 http fetch GET 200 https://registry.npmjs.org/@next%2feslint-plugin-next 1493ms (cache miss)
1735 silly packumentCache corgi:https://registry.npmjs.org/@next%2feslint-plugin-next set size:undefined disposed:false
1736 http fetch GET 200 https://registry.npmjs.org/glob/-/glob-10.3.10.tgz 9126ms (cache miss)
1737 silly packumentCache corgi:https://registry.npmjs.org/eslint-config-next cache-miss
1738 http fetch GET 200 https://registry.npmjs.org/es-iterator-helpers/-/es-iterator-helpers-1.2.2.tgz 9551ms (cache miss)
1739 http fetch GET 200 https://registry.npmjs.org/@rushstack/eslint-patch/-/eslint-patch-1.15.0.tgz 9611ms (cache miss)
1740 http fetch GET 200 https://registry.npmjs.org/jsx-ast-utils/-/jsx-ast-utils-3.3.5.tgz 9812ms (cache miss)
1741 http fetch GET 200 https://registry.npmjs.org/resolve/-/resolve-2.0.0-next.5.tgz 9691ms (cache miss)
1742 http fetch GET 200 https://registry.npmjs.org/eslint-config-next 624ms (cache miss)
1743 silly packumentCache corgi:https://registry.npmjs.org/eslint-config-next set size:undefined disposed:false
1744 http fetch GET 200 https://registry.npmjs.org/@typescript-eslint/typescript-estree/-/typescript-estree-6.21.0.tgz 21200ms (cache miss)
1745 http fetch GET 200 https://registry.npmjs.org/eslint-plugin-import/-/eslint-plugin-import-2.32.0.tgz 21335ms (cache miss)
1746 http fetch GET 200 https://registry.npmjs.org/axobject-query/-/axobject-query-4.1.0.tgz 21645ms (cache miss)
1747 http fetch GET 200 https://registry.npmjs.org/aria-query/-/aria-query-5.3.2.tgz 21982ms (cache miss)
1748 http fetch GET 200 https://registry.npmjs.org/eslint-plugin-jsx-a11y/-/eslint-plugin-jsx-a11y-6.10.2.tgz 21880ms (cache miss)
1749 http fetch GET 200 https://registry.npmjs.org/eslint-plugin-react/-/eslint-plugin-react-7.37.5.tgz 22275ms (cache miss)
1750 http fetch GET 200 https://registry.npmjs.org/typescript/-/typescript-5.9.3.tgz 22370ms (cache miss)
1751 http fetch GET 200 https://registry.npmjs.org/@typescript-eslint/scope-manager/-/scope-manager-6.21.0.tgz 22584ms (cache miss)
1752 http fetch GET 200 https://registry.npmjs.org/es-abstract/-/es-abstract-1.24.1.tgz 23619ms (cache miss)
1753 info run unrs-resolver@1.11.1 postinstall node_modules/unrs-resolver napi-postinstall unrs-resolver 1.11.1 check
1754 info run unrs-resolver@1.11.1 postinstall { code: 0, signal: null }
1755 silly ADD node_modules/is-fullwidth-code-point
1756 silly ADD node_modules/eastasianwidth
1757 silly ADD node_modules/lru-cache
1758 silly ADD node_modules/wrap-ansi-cjs
1759 silly ADD node_modules/wrap-ansi-cjs/node_modules/emoji-regex
1760 silly ADD node_modules/wrap-ansi-cjs/node_modules/string-width
1761 silly ADD node_modules/wrap-ansi
1762 silly ADD node_modules/wrap-ansi/node_modules/ansi-regex
1763 silly ADD node_modules/wrap-ansi/node_modules/strip-ansi
1764 silly ADD node_modules/wrap-ansi/node_modules/ansi-styles
1765 silly ADD node_modules/strip-ansi-cjs
1766 silly ADD node_modules/string-width-cjs
1767 silly ADD node_modules/string-width-cjs/node_modules/emoji-regex
1768 silly ADD node_modules/string-width
1769 silly ADD node_modules/string-width/node_modules/ansi-regex
1770 silly ADD node_modules/string-width/node_modules/strip-ansi
1771 silly ADD node_modules/@pkgjs/parseargs
1772 silly ADD node_modules/@isaacs/cliui
1773 silly ADD node_modules/@isaacs/cliui/node_modules/ansi-regex
1774 silly ADD node_modules/@isaacs/cliui/node_modules/strip-ansi
1775 silly ADD node_modules/signal-exit
1776 silly ADD node_modules/path-scurry
1777 silly ADD node_modules/minipass
1778 silly ADD node_modules/jackspeak
1779 silly ADD node_modules/foreground-child
1780 silly ADD node_modules/is-weakset
1781 silly ADD node_modules/is-weakmap
1782 silly ADD node_modules/is-map
1783 silly ADD node_modules/generator-function
1784 silly ADD node_modules/async-function
1785 silly ADD node_modules/which-collection
1786 silly ADD node_modules/is-generator-function
1787 silly ADD node_modules/is-finalizationregistry
1788 silly ADD node_modules/is-async-function
1789 silly ADD node_modules/is-number-object
1790 silly ADD node_modules/is-boolean-object
1791 silly ADD node_modules/is-bigint
1792 silly ADD node_modules/napi-postinstall
1793 silly ADD node_modules/@unrs/resolver-binding-darwin-x64
1794 silly ADD node_modules/which-boxed-primitive
1795 silly ADD node_modules/has-bigints
1796 silly ADD node_modules/which-builtin-type
1797 silly ADD node_modules/reflect.getprototypeof
1798 silly ADD node_modules/for-each
1799 silly ADD node_modules/strip-bom
1800 silly ADD node_modules/minimist
1801 silly ADD node_modules/json5
1802 silly ADD node_modules/@types/json5
1803 silly ADD node_modules/side-channel-weakmap
1804 silly ADD node_modules/side-channel-map
1805 silly ADD node_modules/side-channel-list
1806 silly ADD node_modules/isarray
1807 silly ADD node_modules/react-is
1808 silly ADD node_modules/language-subtag-registry
1809 silly ADD node_modules/set-function-name
1810 silly ADD node_modules/side-channel
1811 silly ADD node_modules/path-type
1812 silly ADD node_modules/slash
1813 silly ADD node_modules/dir-glob
1814 silly ADD node_modules/array-union
1815 silly ADD node_modules/resolve-pkg-maps
1816 silly ADD node_modules/dunder-proto
1817 silly ADD node_modules/functions-have-names
1818 silly ADD node_modules/iterator.prototype
1819 silly ADD node_modules/string.prototype.repeat
1820 silly ADD node_modules/string.prototype.matchall
1821 silly ADD node_modules/prop-types
1822 silly ADD node_modules/object.entries
1823 silly ADD node_modules/es-iterator-helpers
1824 silly ADD node_modules/array.prototype.tosorted
1825 silly ADD node_modules/array.prototype.findlast
1826 silly ADD node_modules/string.prototype.includes
1827 silly ADD node_modules/language-tags
1828 silly ADD node_modules/jsx-ast-utils
1829 silly ADD node_modules/emoji-regex
1830 silly ADD node_modules/damerau-levenshtein
1831 silly ADD node_modules/axobject-query
1832 silly ADD node_modules/axe-core
1833 silly ADD node_modules/ast-types-flow
1834 silly ADD node_modules/aria-query
1835 silly ADD node_modules/is-symbol
1836 silly ADD node_modules/is-date-object
1837 silly ADD node_modules/has-tostringtag
1838 silly ADD node_modules/possible-typed-array-names
1839 silly ADD node_modules/which-typed-array
1840 silly ADD node_modules/unbox-primitive
1841 silly ADD node_modules/typed-array-length
1842 silly ADD node_modules/typed-array-byte-offset
1843 silly ADD node_modules/typed-array-byte-length
1844 silly ADD node_modules/typed-array-buffer
1845 silly ADD node_modules/string.prototype.trimstart
1846 silly ADD node_modules/string.prototype.trim
1847 silly ADD node_modules/stop-iteration-iterator
1848 silly ADD node_modules/set-proto
1849 silly ADD node_modules/safe-regex-test
1850 silly ADD node_modules/safe-push-apply
1851 silly ADD node_modules/safe-array-concat
1852 silly ADD node_modules/regexp.prototype.flags
1853 silly ADD node_modules/own-keys
1854 silly ADD node_modules/object.assign
1855 silly ADD node_modules/object-inspect
1856 silly ADD node_modules/is-weakref
1857 silly ADD node_modules/is-typed-array
1858 silly ADD node_modules/is-shared-array-buffer
1859 silly ADD node_modules/is-set
1860 silly ADD node_modules/is-regex
1861 silly ADD node_modules/is-negative-zero
1862 silly ADD node_modules/is-data-view
1863 silly ADD node_modules/is-callable
1864 silly ADD node_modules/is-array-buffer
1865 silly ADD node_modules/internal-slot
1866 silly ADD node_modules/has-symbols
1867 silly ADD node_modules/has-proto
1868 silly ADD node_modules/globalthis
1869 silly ADD node_modules/get-symbol-description
1870 silly ADD node_modules/get-proto
1871 silly ADD node_modules/function.prototype.name
1872 silly ADD node_modules/es-to-primitive
1873 silly ADD node_modules/es-set-tostringtag
1874 silly ADD node_modules/data-view-byte-offset
1875 silly ADD node_modules/data-view-byte-length
1876 silly ADD node_modules/data-view-buffer
1877 silly ADD node_modules/available-typed-arrays
1878 silly ADD node_modules/arraybuffer.prototype.slice
1879 silly ADD node_modules/array-buffer-byte-length
1880 silly ADD node_modules/gopd
1881 silly ADD node_modules/object-keys
1882 silly ADD node_modules/has-property-descriptors
1883 silly ADD node_modules/define-data-property
1884 silly ADD node_modules/set-function-length
1885 silly ADD node_modules/es-define-property
1886 silly ADD node_modules/call-bind-apply-helpers
1887 silly ADD node_modules/es-shim-unscopables
1888 silly ADD node_modules/es-errors
1889 silly ADD node_modules/math-intrinsics
1890 silly ADD node_modules/is-string
1891 silly ADD node_modules/get-intrinsic
1892 silly ADD node_modules/es-object-atoms
1893 silly ADD node_modules/es-abstract
1894 silly ADD node_modules/define-properties
1895 silly ADD node_modules/call-bound
1896 silly ADD node_modules/call-bind
1897 silly ADD node_modules/tsconfig-paths
1898 silly ADD node_modules/string.prototype.trimend
1899 silly ADD node_modules/object.values
1900 silly ADD node_modules/object.groupby
1901 silly ADD node_modules/object.fromentries
1902 silly ADD node_modules/eslint-module-utils
1903 silly ADD node_modules/eslint-module-utils/node_modules/debug
1904 silly ADD node_modules/array.prototype.flatmap
1905 silly ADD node_modules/array.prototype.flat
1906 silly ADD node_modules/array.prototype.findlastindex
1907 silly ADD node_modules/array-includes
1908 silly ADD node_modules/@rtsao/scc
1909 silly ADD node_modules/unrs-resolver
1910 silly ADD node_modules/stable-hash
1911 silly ADD node_modules/is-bun-module
1912 silly ADD node_modules/get-tsconfig
1913 silly ADD node_modules/@nolyfill/is-core-module
1914 silly ADD node_modules/typescript
1915 silly ADD node_modules/ts-api-utils
1916 silly ADD node_modules/semver
1917 silly ADD node_modules/globby
1918 silly ADD node_modules/@typescript-eslint/visitor-keys
1919 silly ADD node_modules/@typescript-eslint/typescript-estree
1920 silly ADD node_modules/@typescript-eslint/typescript-estree/node_modules/brace-expansion
1921 silly ADD node_modules/@typescript-eslint/typescript-estree/node_modules/minimatch
1922 silly ADD node_modules/@typescript-eslint/types
1923 silly ADD node_modules/@typescript-eslint/scope-manager
1924 silly ADD node_modules/eslint-plugin-react-hooks
1925 silly ADD node_modules/eslint-plugin-react
1926 silly ADD node_modules/eslint-plugin-react/node_modules/semver
1927 silly ADD node_modules/eslint-plugin-react/node_modules/resolve
1928 silly ADD node_modules/eslint-plugin-react/node_modules/doctrine
1929 silly ADD node_modules/eslint-plugin-jsx-a11y
1930 silly ADD node_modules/eslint-plugin-import
1931 silly ADD node_modules/eslint-plugin-import/node_modules/semver
1932 silly ADD node_modules/eslint-plugin-import/node_modules/doctrine
1933 silly ADD node_modules/eslint-plugin-import/node_modules/debug
1934 silly ADD node_modules/eslint-import-resolver-typescript
1935 silly ADD node_modules/eslint-import-resolver-node
1936 silly ADD node_modules/eslint-import-resolver-node/node_modules/debug
1937 silly ADD node_modules/@typescript-eslint/parser
1938 silly ADD node_modules/@rushstack/eslint-patch
1939 silly ADD node_modules/@next/eslint-plugin-next
1940 silly ADD node_modules/@next/eslint-plugin-next/node_modules/brace-expansion
1941 silly ADD node_modules/@next/eslint-plugin-next/node_modules/minimatch
1942 silly ADD node_modules/@next/eslint-plugin-next/node_modules/glob
1943 silly ADD node_modules/eslint-config-next
1944 verbose cwd /Users/timothycheng/fd-staging
1945 verbose os Darwin 23.6.0
1946 verbose node v20.19.0
1947 verbose npm  v11.7.0
1948 verbose exit 0
1949 info ok
